1	Ma....anche no!	0
2	Ma dove vivono ?	0
3	Le vai a impollinare tu le piante e gli alberi da frutto peppino crusciani? Una catastrofe si sta consumando da più di un anno, nel silenzio pressoché totale dei media che troppo spesso sottovalutano le problematiche legate all’ambiente: le api stanno diminuendo in modo spaventoso in tutto il mondo. Alcuni penseranno che questo fenomeno potrebbe comportare semplicemente la diminuzione della produzione del miele, ma non è esattamente così: le api sono le responsabili dell’impollinazione di centinaia di specie di piante, sia coltivate che selvatiche. Le conseguenze di una mancata impollinazione si riflettono sull’agricoltura, e sull’intero ecosistema del Pianeta. In pratica, non solo niente miele, ma niente frutti, meno verdure, niente fiori.  http://ambiente.tiscali.it/socialnews/articoli/daddario/15756/einstein-le-api-e-la-fine-del-mondo/	0
4	Ma manda li a quel paese questi zingari bugiardi	1
5	"Complimenti a chi sostiene ancora questa ""politica"" marcia. 👏👏👏"	1
6	Troppo poco caro Salvini la castrazione	1
7	SE NON PRIMA QUALCUNO STUPRI LA BOLDRINI FINO A SAZIARLA .QUESTO SCEMPIO NON LO FANNO FINIRE	1
8	"No!!! Sono esseri ""orticanti""!!!!!"	1
9	Ma che dice questa le leggi ci sono??? Ma x chi??	0
10	che popolo inutile gli zingari  parassiti e delinquenti	1
11	Meno male che avendo avuto una giornata triste per motivi famigliari non ho guardato la TV. ODIO Castaldini Librandi Malpezzi gente che da solo comparire in pubblico per prenderci in giro (basta vedere il sorrisetto di supponenza perennemente stampato sul volto di Librandi)gente con il cervello completamente vuoto per quel che riguarda l amministrazione della cosa pubblica (basta ascoltare l isterica Castaldini che sa solo parlare a macchinetta sopra la voce degli altri) . La più grande disgrazia per noi.	1
12	Brutta e bugiarada da fare schifo	1
13	Ma a ste befane non viene il torcicollo a fare sempre no con la testa?	1
14	VOREI SAPERE CHE TIPO DI COLLA USATE CHE LA POLTRONA NON SISTACCA  DAL SEDERE E NON FATE ALTRO DIRE CAZATE E CI PRENDERE PER I FONDELLI SIAMO STANCHI	1
15	mai visto galline tanto plagiate	1
16	Io ieri ho cambiato canale, la Malpezzi Castaldini e Librandi  sono veramente insopportabili, Del Debbio insiste a proporceli sempre quindi ho deciso di non guardare più questo programma.	1
17	Cacciamola via, tanto fà solo danni e non gliene frega niente degli Italiani, chissà perché pensa solo ai mandinghi negri!	1
18	Basta con questi campi rom...dovete porci rimedio in fretta,non sono più tollerabili...covi per delinquenti incalliti senza scrupoli. Mi sorprende solo che la gente con quello che subisce non cominci a farsi giustizia da sola	1
19	Prenderei a schiaffi la Castaldini. Molto volentieri!  Ignorante, stupida, odiosa e antipatica!	1
20	ITALIANI. BRUCIAMO LA STREGA	1
21	Io mi auguro che gli italiani aprano finalmente gli occhi.	0
22	GRANDI ,GRANDE ZAIA !!!!	0
23	Si ma che siano gratuiti per gli italiani... Non per tutti... Chiaro????	1
24	CASTRAZIONE CHIMICA E LEGGE PER LA LEGITTIMA DIFESA SALVINI NON TI FERMARE SPAZZAMO VIA LA SINISTRAAAAAAAAAAAAAAA	1
25	Questo cavolo di presidente è stato messo da quel infame di Napoletano senza spina dorsale pronto a prendere ordini dal Pd ..... Buffone !!!	1
26	Viva la gnagna	0
27	che schifo di donne	1
28	Ma questi  vermi  perché  stanno  in Italia?	1
29	.....AZZI.......LORO !!!!!!!!!!!!!!!!!!!!!!!!!!!	0
30	Malpezzi ma vaiiiiiiiii  finiscila x piacere sei ridicolaaaaaaaaaa	1
31	ma mi domando  2 racchie del PD dovevi scieglire sono rompicoglioni sono buoni forse ad fare le badante.	1
32	Mattarella lo hanno  voluto come presidente  x insabbiare  tutto....cosa ci meravigliano  e il capo dei mafiosi......	1
33	Maya	0
34	Ma quale castrazione bisogna tagliargli i coglioni e farglieli ingoiare	1
35	Perché quando guardo questi programmi mi viene rabbia? No vabbè mandatele a pulire i cessi che forse è meglio. Qui andremo sempre peggio ma è colpa nostra... Invece di stare sul divano facciamo qualcosa!	1
36	Meritava il russo alla grande	0
37	Ma oltre che odiosa quella del PD è pure un cesso oltre che non si può sentire per le cazzate che dice non si può neanche vedere	1
38	Aiutatemi a picchiarle	1
39	Matteo questi balordi PD , hanno rotto tutto, profughi,rom, io non so come e che coraggio hanno ancora?  A parlare, mi fanno schifo tutti questi  fasulli e ciarlatani , non ne posso più, spero tanto in un cambiamento radicale anche con questa europetta,  Liberate la nostra cara Patria.	1
40	siamo un popolo di coglioni e vigliacchi, ci piangiamo addosso senza fare nulla , non abbiamo le palle x protestare ci sta bene tutto questo !!!!	1
41	Galline	1
42	Vi sta bene .....ribellatevi .	1
43	Al solo vederle danno il voltastomaco!	1
44	Chi strupa ..va eliminato fisicamente ..	1
45	IRRITANTI già solo di espressione del viso	1
46	odiose muovono il sistema nervoso!la castaldini  si vede che nn risce a trovare altro lavoro,come laltra!che facce da culo!	1
47	Ma cosa ci facevano due individue così  tra gente  che sa quello che dice  due donne inutili  arroganti e piene di maleducazione ma cosa le chiami a fare in trasmissione  cari Del Debbio solo per irritare i telespettatori che poi ti mandano a quel paese	1
48	mi irritano...cambio canale	1
49	Paladina delle cause anti italiani. Sarei curioso di conoscere qualcuno che ha votato SEL.....   Vorrei semplicemente sputargli in faccia	1
50	2 stronze ignorantii	1
51	Fanno veramente pena... Ma dove vivono queste due.....???? Povere croste....	1
52	Quante ne hanno subite le donne di Asia Africa e America latina dai nostri connazionali... e li la castrazione chimica x i criminali occidentali non esiste ancora	0
53	Due idiote alla corte del demente.? Di firenze...	1
54	fin quando tutte le donne non voteranno Matteo Salvini	0
55	https://www.youtube.com/watch?v=2a4gyJsY0mc	0
56	Non le sopporto e per fortuna che mancaLibrandi!!!	1
57	Veramente toccante il racconto di quella poveretta!	0
58	presidente ad un......Renzi due e volte sannita	0
59	Esempio eclatante di due rincoglionite	1
60	https://m.facebook.com/story.php?story_fbid=1047099462022298&id=100001667629360	0
61	Matteo spianiamoli tutti!!!!	1
62	E purtroppo si continua a votare PD cioe PISCIATOIO PUBBLICO DEMOCRATICO	1
63	assolutamente NO	0
64	Inpalarlle tutte e due	0
65	Due streghe...una piu schifosa del altra ...	1
66	Dove sono gli skinhead con le spranghe di ferro quando servono?!?	1
67	Non bastano i negri ci sono pure gli zingari a presidiare le nostre citta....ruspe che aspettate?	1
68	non solo ladri. anche intolleranti questi del pd	1
69	#rispettagliinfermieri	0
70	Saluta savona e lo chef andrea	0
71	mi stanno antipatiche tutte e due quando stanno zitte figurati quando aprono bocca ne dicono poche di caz....	1
72	QUA CI FREGANO LA CASA E NOI A PERDETE TEMPO A PARLARE DI DIRITTI CIVILI http://www.ilgiornale.it/news/cronache/chiama-due-imbianchini-immigrati-picchiano-e-occupano-casa-1259343.html	1
73	Un vaffa x tt e 2 Grazieee	1
74	The family	0
75	Non è  ora di sterminare questi maiali	1
76	Spuorc r omm	1
77	È quello ke ho sempre detto io ,e ha ki ruba tagliare la mano,ci penserebbero bene!	1
78	Mi dispiace	0
79	Bersani è  fuori di testa  Ma non da ora da SEMPRE	1
80	chiedilo a quelle oche che stanno in studio!!!!	1
81	NON LE SOPPORTO....	1
82	Chiu pilu pi tutti.....mi ricorda qualcuno.....	0
83	Neanche un po. Sono le antiitaliane doc. Disintegrarle	1
84	Brutta troia	1
85	Peggio delle bestie,orgiatori sodomiti pdioti!!	1
86	Matteo parlava il rom adesso la castaldini e ti vedo disperato..resisti	0
87	Democrazia 5 stelle hahahahah!!! Renzi?! Sta facendo da tempo piazza pulita nel suo partito in Rai e in tutti i posti dove può mettere le mani! Giannini, e tutti i giornalisti scomodi al dittatore a casa!!!!!	1
88	Gli stranieri che non si comportano bene e non rispettano le regole bisogna rimandarli nel loro paese per sempre.	1
89	Proprio no, odiose al massimo	1
90	I miei gusti musicali sono lontani da quello che fa Fedez , ma questo non toglie che è un ragazzo intelligente ....condivido il suo pensiero anche se non lo ascolto come cantante. ....!!	0
91	Zaia tutti i veneti sono conte	0
92	Hai ragione è quello che ho detto io!! Una alla volta danno fastidio ma insieme danno il vomito ! Altro che digerire !! Ma dove vivono ste cretine!!!!	1
93	Devono essere stuprate le donne al governo.... ma chi avrebbe il coraggio di violentare una boldrini??? Solo al pensiero vomito...	1
94	Popolo italiano invece di fare commenti andiamo a distruggere il governo. ....ci hanno distrutto Italia	1
95	pulizia etnica......	1
96	Hai detto bene ieri a Treviglio... quando le ruspe finiranno con i campi rom, dovranno iniziare con i centri sociali	1
97	Continuo a dire che ci vuole la pena di morte  per queste bestie	1
98	Pk invece librandi????  Mi pare si sia bevuto il cervello  Grazie a voi però penso ai voti persi dai compagni	1
99	Non sa più  che  balle inventarsi	1
100	Stanno sempre in una televisione e dire cazzatee poi hanno una voce irritante	1
101	La Castaldini fa più bella figura se senesta a casa ma chi è il responsabile che a messo lì unoca del genere con tutto il rispetto per loca	1
102	chiedilo a quelle due che hai li	0
103	SCUSATE MA PROSPERI E BENZINA ??	0
104	vomito puro.e metteteci anche librandi.poker assicurato	1
105	http://49.media.tumblr.com/e8dd7f9dfcab9fc69f1d74220d2cc60a/tumblr_o5zk6kWajB1t30uduo1_400.gif	0
106	Non ho parole quinta colonna ancora invita i buffoni ché prendono in giro il popolo italiano svegliatevi e ora bravo salvi i vai avanti	1
107	Spero che questi incapaci di governare un Paese ,ma bravissimi a distruggerlo finiscano tutti in miseria!!!!!!!!	1
108	Malpezzi e castaldini a lavare le scale alle cinque del mattino verhognatevi	1
109	Cazzate.	1
110	Buongiorno Matteo se sei te a governare manda questi schifosi dei Rom	1
111	Malpezzi E Castaldini come politici non capiscono un ca.....	1
112	Sopprimetele.	1
113	manco con un chilo di bicarbonato......................odiose	1
114	Delinquenti! !!	1
115	vi siete dimenticati librandi	0
116	Francesca una vittima che ricama un gossip su una tragedia famigliare....la faccia finita.	0
117	Che  persone   sgradevoli  bugiarde   poco simpatiche  ma a lavare i piatti ,    no	1
118	Messe insieme lì tutto in una volta è terrificante.	1
119	il governo sinistro li protegge, complice e colluso	1
120	Odiose	1
121	Paga le tasse ......lui 😁	0
122	Se il governo non è con gli italiani, vuol dire che è contro gli italiani. Un governo così, deve togliersi dai coglioni !	1
123	Sparagli	1
124	Ruspare forza	1
125	Merdone via via	1
126	Io non le posso nemmeno guardare figuriamoci ad ascoltarle	1
127	Assolutanente nooooo. Messe assieme poi sono in coktail letale.	1
128	Foto schifosa	0
129	No nessuna delle due. .odiose sapiente.	1
130	Renzi sei un venduto molla tutto e vai via!!!!	1
131	Due stregheeeeeee!!!!…………quindi  ruspaaaaa	1
132	Non non si digeriscono......ste due stronze......	1
133	A Napoli dicono mannaggia a colonn	0
134	Sia la Castaldini, sia la Malpezzi sono completamente fuori strada!!!, ma la Malpezzi forse è ancora peggio perché ultimamente si sta montando la testa!!!!!!!!!!!!!!!!!!!!!!!!!!!!!	0
135	Mettiamoci pure Librandi e la vomitata è completa	1
136	No seeeeee! Figuriamoci  se in Italia si arrivi a pensare una cosa del genere! Anzi vanno ri integrati poveretti!	0
137	Sono entrambe odiose insopportabili e in assoluta malafede quando le vedo cambio canale immediatamente	1
138	Le solite ruffiane, tutti i giorni in tv, ma quando lavorano? Se violentavano loro parlavano da buoniste?	1
139	Sei Mitico! Forza Matteo.	0
140	Matteo hai perfettamente Ragione	0
141	Due cretine che danno una sbirciata al manuale delle giovani marmotte prima di andare in onda	1
142	Ele come fa piacere questo imb che offende sempre tutti e dice da mesi sempre  le  stesse  cose  abbiamo  capito  non siamo  stupidi	1
143	tutte due sono persone odiose che per farsi notare remano contro corrente , hanno il prosciuto sugli occhi e tappo di cerume nelle orecchie , poveri noi che sopportiamo queste due pd che leccano Renzi pur di avere un posto ben pagato a non fare nulla , questi pd NON AMANO IL LORO PAESE ITALIA sono solo pronti a prendere in giro tutti gli italiani onesti , non solo il governo è colpevole di questo scempio ma anche chi è ANDATO A VOTARE PD !	1
144	odiose tutte due mi fanno venire mal di stomaco!!!	1
145	Numero unissimissimo, il nostro al baghdadi	0
146	non sono un padano ma i bifolchi e ignoranti si trovano nel pd e per giunta in quel partito si trovano i maggiori leccaculi della politica	1
147	Grazie Zaia!!!	0
148	Sino a quando non succede alle figlie dei politici...	0
149	"""La stranezza è nella mente di chi la percepisce"" Isaac Asimov"	0
150	queste   due  s tronze   non  se  ne   vanno  su   una   strada    a   fare  le  p.....	1
151	Le fanno andare di coppia  digli  che vanno  loro a fare visita di notte  nei campi rom e vedono come si divertono	1
152	ITALIANI uniti contro una politica CORROTTA, che ci stanno portando allo sfascio,senza più un briciolo di credibilità,nei confronti delle altre nazioni.TRATTIAMO MEGLIO I CLANDESTINI CHE I NOSTRI PENSIONATI.	1
153	Da usare senza economia	0
154	Quelle due li non le sopporto proprio	1
155	Questa Donna e Indemoniata come Renzi andate via Ladri	1
156	Grande coraggio la mia stima e rispetto a una Grande Donna	0
157	che schifoooooooooooooooo !!!!!!!!!!!!!!!!	1
158	Quello che più mi spaventa è   che quando parlano sembrano convinte di quello che dicono. Povera Italia e poveri italiani.	0
159	Proprio no! !!!!! La Malpezzi oltre ad essere invadente è anche poco educata, ,,,,, la Castaldini mi fa pena sentirla, ,,,, un disco rotto! !!!!!!	1
160	Che fine hanno fatto le ronde della sicurezza della Lega ?? bisogna riorganizzarle immediatamente,perchè se lo Stato non ci difende dobbiamo farlo noi !! (Fatti nonsolochiacchiere)	1
161	La Castaldini con quella bocca potrebbe fare altro	1
162	Buongiorno Matteo	0
163	la mondezza puzza meno .......	1
164	E LA PEZZOPANE CON IL SUO TROMBATORE PRONTO A GARANTIRSI IL VITALIZIO, DOVE LA METTIAMO ??? TRA I SUCCESSI DI RENZI ???	1
165	https://m.facebook.com/Meno-Fazio-Più-Angela-796212680480461/	0
166	sembrerebbe un tantino prepotente . cose non consentite alle donne islamiche -	1
167	io voto no alla faccia dei bifolchi pidioti	1
168	CONOSCO MOLTI PESCATORI IN SICILIA E SONO PIENAMENTE D,ACCORDO CON LORO RIBELLATEVI NON METTIAMO LA TESTA SOTTO LA SABBIA  NON FACCIAMOCI SOTTOMETTERE  DA QUESTA POLITICA INFAME	1
169	Non capiscono un C........o	1
170	da Del Debbio ogni tanto e come essere al circo dove più gente entra più bestie si vedono.	0
171	Mah....io sento solo tutti sbraitare tanto ma si soluzioni non se ne sentono nemmeno un pò!!!	0
172	No è il nuovo film scema +scema cervelli da gallina e chiedo scusa alle galline	1
173	"Ovvio, deve essere difesa dagli italiani sta s.....! Non ha certo problemi  con le ""sue risorse"". Ma se la beccano gli italiani, senza scorta, per lei son cazzi"	1
174	Una 4trocchi e una piega 🍌	0
175	Saran oltre ad essere un ignorantone. Celebroleso sei pure un pdidiota pensa quante disgrazie hai addosso cazzone	1
176	Ma se non ci fossero gli immigrati. ..   il programma elettorale di salvini sarebbe? ???????? Secondo me il niente. ..   a no scusa meno che niente  perché il niente é adesso	0
177	Posa il cellulare. Concentrati	0
178	Nun se ponno sentì.......ma come se fà........	0
179	Bravo Matteo. Gli stranieri in regola, che lavorano e rispettano la legge non hanno niente da temere. I clandestini e le zecche invece......	1
180	Quello che  è successo alla ragazza dovrebbe succedere anche alle loro figlie solo così cambierà qualcosa altrimenti non cambia mai  nulla Mapezz i è Castaldi vergognatevi	1
181	Per te Salvini ma Sicilia non andava svenduta andava affondata.	1
182	Si solo se prima vengono cotte bene e macinate	0
183	A me sta ignorante con le schifezze che tirano fuori da bocca mi fanno saltare i nervi e mi viene vomitare in faccia	1
184	Una bella location dove trasferire la redazione segaiola del Fallo Quotidiano.....	1
185	Del dubbio non portare in trasmissione quelle odiose si salva solo Santa che le altre due non sanno cosa dicono	1
186	Lo sport è diventato un business vergognoso. I ragazzi a 5 stelle aboliranno questa robaccia e manderanno in Tv solo i comizi di Beppe, le opinioni di Scanzi e Travaglio, le decisioni eccezionali e coraggiose prese dello statista Luigi Di Maio, che sarà presto capo del governo, delle forze armate, della polizia, della scuola e della sanità.	1
187	Finché queste zecche ci offendono significa che siamo dalla parte giusta. Il problema sarebbe se ci facessero i complimenti.	1
188	Bravo Matteo col cuore!	0
189	no , infatti non guardo più queste trasmissioni ,sono come il prezzemolo e sfoggiano le idee come se fossero brillanti , datevi una mossa e buttateli tutti giù.	1
190	Più. Tosto.di.fare.chiacchere.per.fare.odiens.perche.non.vi.mettete.a.lavorare.....m.	1
191	Solo una parola ..........DEMENTI	1
192	Ma come fa ad invitare certa gente	0
193	Del debbio perchè continua a invitare la Malpezzi antipatica, brutta? avrei voluto vederla al posto di quella ragazza.. Chissà se avrebbe fatto le smorfie che fà quando parla la Santanchè che dice la verità. Non si può nè vedere nè sentire le balle che dice!! Mi fà cambiare canale!	1
194	Ci vorrebbe anche qua Putin ,invece di quei RIDICOLI...PAROLACCE PAROLACCE	1
195	Se non sono italiani oltre alla castrazione, io proporrei quella fisica perché  almeno é  permanente , l espulsione e il carcere nei loro paesi . Mi sembra il minimo per questi luridi vermi schifosi.	1
196	Quando ti fanno parlare? ?????	0
197	Noooo!!! Sono odiose	1
198	Rifondiamo il fascismo	1
199	quando dobbiamo sopportare	0
200	Salvini azzitta quella gallina della malpensi	1
201	SPARARE	1
202	La Castaldini mi fa vomitare..	1
203	Ma bai a  cagai.	0
204	Pur di tenersi la poltrona, non sciolgono un PD ormai allo sbando più totale e con almeno 3 fazioni diverse all interno. Siete dei paraculi, non vi sta bene Renzi peró non ve ne andate per non far sciogliere questo governo da un arrestato/condannato al giorno.	1
205	basta che al governo ci vada chi fa gli interessi del popolo, non chi sta al governo per mortificare economicamente e socialmente il popolo	0
206	"Ma perché i cosidetti ""ROM"" non le prendono tutte e due e le fanno passare ciò che hanno fatto a quella ragazza? Le chiudono x due giorni in una baracca poi le massacrano sono sicura che quel sorriso da ebeti che senpre hanno sparirebbe e cambierebbero le leggi"	1
207	La Castaldini , ancora ancora si salva ( fisicamente ) , ma la Malpezzi è un disastro , dal punto di vista politico che personale , più che Malpezzi ......... cade a pezzi , lei ed il suo partito.	1
208	Ancora tanti purltroppo tanta parola pochissimi fatti	0
209	due sottosviluppate !!	1
210	Matteo intervieni...... Pulizia subito	1
211	Io le manderei a  piantare riso ste frigide	1
212	E quella  mentecatta della boldrinazza crea una commissione per la difesa dei rom e musulmani!  Ma nessuno la prende a zampate in quel flaccido culo????	1
213	Tutte e due hanno un sorrisino di quelli che ti sta  pigliando per il c...	1
214	Sono come le bambole parlanti dove schiacci il bottone e dicono sempre le stesse cose.....loro studiano la parte in funzione della trasmissione a cui partecipano....delle robottine bamboline	1
215	E adesso cosa gli danno? Una settimana in albergo 5 stelle al Lago di Garda?	0
216	Brava  Cristina	0
217	sputtanele in tv hanno rotto le palle delle loro menzogne e demagogia prima du palle con il jobs act mo da lavoro dice la malpezzi io mi dico ce sta con la capoccia se vede e come renzi prima dicono na cosa e poi ne fanno altre venduti e servi della massoneria andate dall italia sanguisughe e uscite da questa italia satananisti	1
218	Docce	0
219	Più   ne  succedono   meglio   e	0
220	Comunque caro Matteo se non si prendono provvedimenti siamo rovinati.	0
221	Non vivono su un altro pianeta queste due, vivono bel loro dive sono tutelate e non hanno certo i problemi dei cittadini.  Poi la noncuranza con cui una delle due smentisce la realtà	1
222	Matteo per favore fai qualcosa per questa deficiente del PD mi sta facendo rabbia	1
223	Ma le invita per farci girare le palle. ,..Cretine,,insulse,,,	1
224	Questi che combinano ste cose sono le risorse delka Boldrini. .	1
225	Ma mi sapete spiegare chi ha inventato la figura di mediatore culturale? E chi lei paga?a cosa servono? Poverini questi rom tutti puliti buoni..	1
226	Antipatia 😡😡😡	1
227	A certe persone dovrebbero togliere il diiritto di parlare!!!	1
228	la malpezzi la odio,con quel sorrìsetto falso!	1
229	Politici tutti e dico tutti siete degli infami	1
230	Neanche una per volta. Solo a sentire i nomi mi viene la nausea. Inascoltabili!!!!!!!!	1
231	Castrazione vera e propria .Devono diventare femmine a tutti gli effetti	1
232	Esseri inferiori	1
233	Venite a trovarci qua stronzi https://www.facebook.com/groups/757505240984399/	0
234	2povere sottospecie di donne maleducate cafone bugiarde irrita solo vederle se poi aprono bocca da mandare a fan culo allora istante.	1
235	Alla fine del programma  non hai capito niente ....ognuno dice la sua.....quante chiacchierare  inutile......c.é una ragazza violentata...da uno rom ....e parlano d..altro ....vergognatevi....	1
236	Condivido parole sante morte ha tutta quella feccia.	1
237	CERCO CHE GLI ONOREVOLI DEL PD SÌ RICONOSCONO A KILOMETRI ... RIDICOLI	0
238	Cornuti comunisti	1
239	e poi caro Marco ignorante e bifolco si addice più a lei....	1
240	Quelle due papere che chiudessero la bocca ... che non capiscono niente ....	1
241	Oltre a non digerirle le sgozzerei con molto sadismo	1
242	FORZA SALVINI METTI A TACERE QUELLA DEL PD CHE È UNA VERA IMBECILLE............	1
243	"Dovrebbero andare da Rocco Siffredi Accademi che sta girando il Film""..Il Culo di una Parlamentare Vol.1""..😁😁"	1
244	la malpezzi proprio no	0
245	OCCHIO a Marco Rosini: è un troII che finge di essere un eIettore del M5S.	1
246	Ripulire con  tantissime ruspe, tantissimi camion-compattatori e tantissime discariche fognarie con relativi depuratori...umani.	1
247	Ma mandatele a casa!!!!!	1
248	Non le digerisco. .... perché fortunatamente non le mangio......! Mi fanno schifo! !	1
249	nò!	0
250	Vai a cagare	1
251	Secondo me gli ubriaconi delinquenti devono esserecespulsi e basta	1
252	Siamo proprio ridotti male. RIVOLUZIONE....	1
253	Per me potrebbero anche bruciarle affinché non resti nulla.	1
254	ecco la tua coerenza merdaccia....	1
255	Fuori CLANDESTINI	1
256	Ma che cavolo di integrazione. ....questa gente ve ESPULSA e incarcerata a casa loro così vendiamo se delinquono ancora	1
257	No. La malpetti proprio no. La castaldini nemmeno. Due inutili.	1
258	Ciao Matteo ....da lodi !!! Voce raffreddata ???? Bella schifezza , ci ritornano la peste e il colera	1
259	questo è semplicemente un mentecato messo li da renzi a fare il pagliaccio per lui	1
260	Setogliamo loro la scorta, non farebbero + le stro ze.	1
261	No non possiamo farcela ...troppo troppo indigeste	1
262	Prendi.la parola e stendileeee	1
263	SVEGLIATI SIAMO CIRCONDATI	0
264	Che shifo	1
265	Vai a casa Pinocchio vai a casa Pinocchio	1
266	CON TUTTI I CESSI DA PULIRE VANNO IN TELEVISIONE A FARSI PRENDERE PER IL CULO!! CERTO CHE DEVONO AVERE UN CERVELLO DA GALLINE!	1
267	Quanto di più negativo esista	0
268	Nn nominare il nome di tuo nonno invano	0
269	Mondo cosa lo trattiene ritirarsi il ditto in su e tutti altri commenti ? E anche invechato e la Fornero anche e lei vecchia vecchia hanno bisogno di lifting loro e le loro riforme ....signore come sono ivechiati ma di bruto	1
270	Importante che non ci sia Librandi il provocatore insensibile al male altrui	1
271	in ginocchio nudi evono tornare a casa loro	1
272	Quando gli Italiani faranno la rivoluzione ??????????	1
273	Ma soprattutto i francesi hanno Tsongá, Simon, Gasquet, Chardy, Pouille, Paire, Monfils, Mahut, Herbert, Robert, Mannarino e Mathieu tra i primi 100.	0
274	Salvini nel video hao salutato tutti mentrea andavi a rai 3...e come al solito ti dimentichi di salutare meeee....ma lo fai apposta o a cartolina ...in qualsiasi modo ma FALLOOOO...CIAOOO GRANDE SALVINI...SE VUOI PUOI FARLO ORA....SOGNI D ORO	0
275	Antipatiche.	1
276	Se non si fa la rivoluzione sarà la fine.	1
277	Besjana... povera ragazza... speriamo che Fabio Sabbatani Schiuma vinca al V possa portare sicurezza	0
278	Qualcuno zittisca la malpezzi per favore	0
279	Ecco chi mi ha rubato i neuroni !Comunque sulla torta ci mancava la Ciliegina Alllllllibrandi.Io mi chiuderei in una stanza con loro 3 e glie ne darei Tante,ma Tante,ma Tante !😈😠👊	1
280	Ma quanti sono questi barconi?????Mille?diecimila?centomila?Un milione???Quanto ci vuole (SE SI VUOLE!!!),ad affondarli tutti????Arriverebbero ...a nuoto??????	1
281	Le ODIO!!!!!!!!	1
282	non li sopporto proprio.	1
283	maledetti voi e discendenza!!!!	1
284	Picco e pala altro che galera	1
285	La castaldini solo sentire la sua voce così fastidiosa mi costringe a cambiare canale	1
286	jobat , è stata la cagata più colossale che poteva fare il pd , non ha torto il sindacalista che ieri sera è intervenuto, ha dato modo alle azinde di poter licenziare più facilmente che poi abbia dato il modo di assumere i giovani più rapidamente è falso , perchè ci sono state aziende che hanno intascato soldi senza assumere	1
287	rivoluzione	1
288	Gentaglia pericolosa.  Mai integrazione	1
289	ma io mi chiedo sempre: ma ci credono veramente a quello che dicono??? Perchè se lo devono dire per ...forza va bene ma se sono convinte è veramente indecente	1
290	Già. .sono impossibili. ..infatti non riesco più a guardare Del Debbio quando ci sono. ..ed il sign Librandi. ..dove lo mettiamo?	0
291	RUSPA !!!!!!!!	1
292	Non le sopporto, mi fanno girare...... appena aprono la bocca. Chi le ha messe lì?  Dovrebbero lavorare in fabbrica sulla catena!	1
293	Questi nn sono uomini. .ma bestie! !!io inizio a mettere in moto le ruspe! !ok?	1
294	Fasulle la malpezzo in che mondo vive di capisce che la sua borsa è  piena di soldi e che non capisce nulla di chi ha grossi problemi economici idiota	1
295	QUA CI FREGANO LA CASA E NOI A PERDETE TEMPO A PARLARE DI DIRITTI CIVILI http://www.ilgiornale.it/news/cronache/chiama-due-imbianchini-immigrati-picchiano-e-occupano-casa-1259343.html	1
296	Sti cornuti.....	1
297	Il buonismo italiano porterà alla rovine della popolazione Italiana ! Poveri figli nostri....	1
298	Il peggio del peggio è Librandi un vero ignorante	1
299	Siamo stanchi di sentire solo chiacchiere , noi popolo dovremmo fare prima una guerra con la nostra politica e poi con questi popoli zozzi e schifosi che ci avete imposto di convivere ... votazioni subito ! O guerra civile !	1
300	No, sono proprio indigeste!!! E anche invadenti!!!	1
301	Per questi ospiti io non vedo più la trasmissione Del Debbio non puó portare ste deficienti	1
302	No che vadano a battere i marciapiedi	1
303	http://www.savonanews.it/2015/03/03/leggi-notizia/argomenti/cronaca-2/articolo/albenga-senza-biglietto-del-bus-29enne-italiano-aggredisce-due-controllori.html	0
304	Chiudili tutti please!	0
305	E la cosa buffa è che prima parlava do mandare i bambini rom a scuola e dopo il servizio della stazione termini non ha più parlato fino alla fine della trasmissione....	0
306	No . Se poi c è anche Alibrandi !!!!!! INSOPPORTABILE !!!	1
307	Matteo sei la nostra voce! !! Noi donne non possiamo fare un cavolo! !!  Leggi più severe !	0
308	FANNO VENIRE LA CAGARELLA	1
309	Chimica no...fisica!	0
310	Io non le sopporto più....,.già che hanno una voce insopportabile per le mie povere orecchie!!!Se poi si sentono le solite cretinate che dicono....aiuto!!!	1
311	Mamma mia non si può sentire la malpezzi!!!	1
312	Manca Librandi! !!	0
313	fuori tutti! castrazione chimica a stupratori e pedofili!	1
314	E pene più severe per i femminicidi, ne vogliamo parlare?	0
315	La malpezzi si sta storcendo..le auguro di provare le stesse torture che ha subito BESJANA	1
316	In due non fanno una mezza testa! E pure brutte oltretutto!	1
317	No ....assolutamente...vivono sulla luna ...coprono di miele una pastiglia di cianuro....ma ci credono solo loro.... Strano oggi ho fatto il 730 ,il mio mensile è diminuito dalle trattenute locali,mentre i miei pagamenti sono aumentati ....	1
318	viva salvini grande salvini grazie .....	0
319	No ho spento e sono andata a letto, così ora sono rilassata e riposata....	0
320	Rivoluzione governo a casa	1
321	Non le sopporta  parlando e guardano la telecamera  e non  sanno  come  muovere  quella  stronza di bocca	1
322	Fabio Sabbatani Schiuma al V municipio di Roma	0
323	È inutile lamentarsi se poi non andiamo a votare! I Pidioti vanno tutti inquadrati a votare e allora le cose non cambieranno	1
324	la colpa e di chi li fa parlare ,  e questi  si sentono importanti   e domani vanno a rubare  alla faccia degli italiani  Che pagano le tasse anche per loro  e ci ridonoalle spalle , fannulloni	1
325	Sono veramente indigeste!	1
326	Io le metterei nei campi rom	1
327	castazione chimica- chirurgica basta che rimane senza coglioni sto merdoso, se poi si suicida meglio ancora	1
328	MAMMA MIA CHE SCHIFO IL PARTITO DELL PD IL GRUPPO DEI SOMARI	1
329	simpatiche come un brufolo nel culo......	1
330	Ruspa si! !  Dappertutto! !!	1
331	NOI con Salvini Sabaudia vedi di fare qualcosa	0
332	http://www.lettera-aperta.it/caro-cruciani/	0
333	Terribili tutte e due ma la castaldini è peggio per la vocetta e le smorfiette oltre per le assurdità che sostiene	1
334	Che schifo che siate maledetti...dobbiamo difendere la nostra gente dobbiamo farla lavorare e prosperare... qui vedo l annichilimento pagherete caro tutto ciò	1
335	"Mai!!! Sono insopportabili!!!e la malpezzi sembra quella che ""faso tutto mi!!! """	1
336	Guardando le loro mani, molto curate, le unghia lunghissime, secondo me, non hanno lavato mai un piatto, per non essere fuori dal tempo, non si può usare neanche un compiuter. 18.000 Euro al mese, per fare salotto in tutte le TV, a raccontarci che tutto va bene, mi sembrano tantissimi. Vadano a lavorare e la smettessero di prendere in giro tutti.	1
337	Ciao Matteo Salvini!!! Sono venuto in Italia 20 anni fa, e da sempre sostengo la lega, per la gente per bene che lavora e che manda avanti questo paese...MANDA RENZIE A CASA!!! GRAZIE CAPITANO IN BOCCA AL LUPO!!	0
338	Da questa foto sembra leggermente....... Ubriaco.......	0
339	El Pollo Pulu Gabriele Zanusso William Toso Leonardo Zuliani Nicola Recci	0
340	Grande cultura ascoltando ,questi due ladri di Pisa che di giorno litigano è di notte vanno ha rubare assieme .	1
341	Bonazze	0
342	La estenderei anche si pedofili!	0
343	Quando spalancano gli occhi e scuotono la testa.... Queste ci prendono pure per il culo	1
344	Che tipe. Davvero ridicole le fa pena!!!	1
345	Tutte le cazzate le dice e le fa sotto le elezioni.	1
346	Ecco i risultati!!....sveglia!!	0
347	Fedez è insopportabile e soprattutto indegno di essere inscritto nel concetto di musica...!!!	1
348	Anche te, forse....	0
349	Noi semo stuffi	0
350	Che brutte persone.	1
351	Besjana cmq non mi sembra, a mio modesto avviso, tanto convincente....ma posso anche sbagliarmi ....	0
352	Espulsioni immediatamente	1
353	Assolutamente no.hanno strarotto e ci tocca pure pagarle ma......ride bene chi ride x ultimo	1
354	Spacca tutto matteo.	0
355	Sono indigeste e stronze	1
356	e il carcere per loro mai? pene certe!!!	1
357	Ma perche dobbiamo tenerci in casa questi bastardi?	1
358	Le tende di nuovo ???? Buttategliele  in mare , ma che è questo schifo ??? Sta incominciando la bella stagione ,con i turisti che arrivano sembriamo un paese da terzo mondo . Mandate i poliziotti x fare sgombrare questi scempi ,non si può fargli fare tutto quello che vogliono basta ,se non  si vogliono farsi identificare rimandateli in Libia ,perché gli italiani debbono avere in giro x le città queste persone che non sappiamo nemmeno chi sono e da dove vengono ,c e da avere paura	1
359	Quando le vedo cambio canale	0
360	Quel rom li veniva voglia di rusparlo subito tanto era insolente offensivo.	1
361	http://www.dirittodivoto.org/dblog/articolo.asp?articolo=607	0
362	In un Paese civile dopo una violenza efferata come quella subita dalla ragazza certi centri di aggregazione di delinquenza di degrado e di illegalità sarebbero stati azzerate senza demagogia! Non è possibile che certa gente crei danni alla società perchE nei secoli rifiutano ogni forma di integrazione. Lo dice la storia presente e passata!	1
363	É  difficile	0
364	Ma fatele tacere!!!!	0
365	Baldraccona	1
366	Io le farei sparire dalla faccia della terra da quanto non le sopporto	1
367	Noooooooo che schifoooo	1
368	Bastardi maledetti	1
369	Faccia de cazzo	1
370	la castrazione chimica è inutile e non risolve nulla: o quella fisica o niente.	1
371	Entrambe decerebrate ahahahah	1
372	I miei genitori hanno lavorato tutta la vita per avere una casa e questi parassiti dicono che la casa è un diritto . Dovete lavorare la parola lavorare la conoscete o nel vostro vocabolario non esiste .. Parassiti sfigati drogati maleducati delinquenti	1
373	Adesso la Castaldini ne fa un vanto per Cofferati per aver usato per primo la ruspa!! Matteo fatti prestare la ruspa da Cofferati che quella non è col marchio del razzista!!	1
374	un ponte senza uscite	0
375	Del Debbio a quanto pare è un presentatore di Parte, di Destra, cosa continua a invitare queste due ebeti con Librandi un altro fesso, e invita pochi cittadini del M5S magari con loro si può parlare anche di altro e non solo di extracomunitari...	1
376	Manca solo quel mongoloide di librandi	1
377	Ma se sei un Maestro in tv...quel povero berlusconi si mangia le mani...lui sa solo parlare leggendo il gobbo...e renzi...quelli che lo manovrano lo staranno coprendo di insulti dopo la sparata che se perde il referendum se ne va...ma sicuro che lo perde...gia adesso il no ha il 52% .... la mamma degli idioti é sempre incinta....	1
378	Salvini, io ti appoggio, ma sui tuoi post non pubblichi altro che istigazioni e provocazioni. Dici che dobbiamo fare?!?!? Cosa proponi di concreto?	0
379	No ho ascoltato te e la Santachè e le zecche no ho pensato che ci guadagnavo di più andare a letto.😂😂😂	1
380	Sta ttanqullo Matteo il pd non vuole  ci vuole le tuspe di alla Malpemsi che tato i bambini non vanno a scquola	0
381	Le ruspe anche per la Malpezzi  e la castaldini.Per quanto le dovremmo vedere e sopportare  ste capiscione?	1
382	Robi, ti devo correggere anche i commenti su Facebook?	0
383	"Prima leggiti ""Dei delitti e delle pene"" di Cesare Beccaria, informati e formati sul tuo Paese prima di parlare cercando di rappresentarlo, non fare il semplificatore. La castrazione purtroppo non è un deterrente per stupratori e pedofili che hanno una perversione morbosa che parte a livello psichico e non biologico. Per favore non facciamo i pecoroni, cresciamo e facciamoci una cultura personale."	0
384	Castrazione chimica è poco Matteo... questi meritano di peggio!😕	1
385	Mi chiedo perché abbiano chiuso le miniere...	0
386	Matteo Salvini devi vedere di fianco a casa mia a Milano la splendida casa occupata (non ti dico nemmeno che gentaglia vedo uscire) dove campeggia la scritta (CHI COMPRA QUESTA CASA COMPRA ANCHE GLI OCCUPANTI)!!!! Ci vieni a trovare Matteo? Quando torno a casa la sera con la bambina non sono tranquilla	1
387	Giovanni biondi sei un cmunista di m...a!!!	1
388	Ma che certezza della pena...tra patteggiamento..buona condotta..e stronzate simili..	1
389	Se rifiutano rimetteteli in barca e portateli al largo	1
390	No faccio fatica a sopportare questi programmi dove tutti sembra che litighino e alla fine fanno come i ladri di Pisa che di giorno discutono e la notte vanno a rubare insieme	0
391	Fino a quando ci saranno quei falliti al governo	1
392	Crude no, forse cotte a vapore e con molta maionese.insopportabili.	1
393	Matteo,lanciafiammeeeee!!!! Ciao Grande Capitano	1
394	ma perchè dobbiamo subire questi unbriaconi..sto seguendo quinta colonna	0
395	tutte e due se non si fanno vedere ha vita in televisione sono di due partiti diversi +e pure la castaldini per non perdere  la sedia dove e seduta ha poggia la sinistra svergognata della malora +	1
396	Buttare via tutti, pulire la città .. Ma fa il comodo a loro, no??!!	1
397	10 rumeni arrapati dovrebbero entrarti in casa!	1
398	Pezzenti	1
399	Assolutamente, ne possiamo,sicuramente fare a meno sono proprio insopportabili facce indisponenti come la Fornero Del Debbio non le invitare più ne vale la tua reputazione	1
400	Se continua ad invitare alcune persone schifose  Non guarderò più questa trasmissione poi ha un deficienze di nome Roberto ..ma quando lo mandano a fare un altro lavoro	1
401	Antipatico il loro tono di voce e antipatiche loro fisicamente  si vede che non si sono mai sporcate le mani...... a zappare ste zocc...	1
402	Io le metterei in fabbrica a sgobbare per fargli capire la realtà......non sono mai stato volgare ma dare delle zoccole a queste significa offendere delle povere donne!!!!!	1
403	Che stupide	1
404	Esodatele!	1
405	Ma la Castaldini di che parla?????	0
406	Ruspali matteo!!	1
407	Digerire non lo so ma sicuramente mi passa la stitichezza	0
408	Le odio tutte e due...insopportabili. ...	1
409	https://www.facebook.com/GiuseppeBresciaM5S/videos/1181398335214374/	0
410	Tutti fini teologi, adesso ce tocca er profluvio di commenti der pubbbbbblico crucianesco	0
411	Pena di morte!!!	1
412	Presuntuose e altezzose, vivono un loro mondo, che non é quello di noi comuni mortali. Il guaio é che dovrebbero abbassarsi al nostro livello e loro non lo accetteranno mai, a meno che non si riesca a farle vivere con 500/800 euro per qualche mese.	1
413	Sono insopportabili intipatiche bravo salvini	1
414	Faccio di culo come la tua Matteo Salvisis: pronti a tutto pur di raccattere miseri voti. Siete la faccia della stessa medaglia.	1
415	Certezza della pena : forse pensavano al loro confessore di fiducia e di quella poveraccia che è viva per miracolo se ne sciacquano altamente la coscienza.	0
416	mi fanno venire il vomito	1
417	https://www.facebook.com/laminchianelpugno/photos/pb.277073762318501.-2207520000.1463432225./1309386145753919/?type=3&theater	0
418	MAGARI A RACCOGLIERE I POMODORI NEL TAVOLIERE A 45 GRADI E POI SONO IN BUONA COMPAGNIA DEI LORO AMICI	1
419	Si.... Basta farle a pezzetti piccoli piccoli....!!!!	0
420	Due cosi fa fatica digerirle anche il cesso .	1
421	Hanno una voce  insopportabile....😕😕	1
422	Ma di quale cultura si parla ..perché i Rom avrebbero cultura a parte quella di RUBARE..	1
423	sono  tutti  tarati  i  pidioti   e  suoi   lecchini  dicono  sempre  le  stesse  cose  da  tre anni	1
424	manco con chili di bicarbonato sopratutto le castronerie della malpezzi	1
425	Matteo, ma come fai a non mandare a fare in cu*o ste comuniste di merd*? Sono false e odiose	1
426	E arrivata la castrardini n altra scema	1
427	Bisogna assolutamente votare NO al referendum costituzionale! Anzi mi chiedo come una cosa così importante sia fatta fare a uno che non ha eletto NESSUNO !	1
428	Speriamo nel referendum di ottobre se ci svegliamo	0
429	Mattarella e Renzi sono due bastardi al servizio della markel	1
430	WW  PUTIN	0
431	Due deficienti irresponsabili come il governo schifoso che rappresentano	1
432	Sono simpatiche come un,attacco di colite non so come queste due sono state capaci di arrivare fino a li sono come le statuine e una cosa vomitevole solo ha vederle e se poi ci mettiamo anche librandi la frittata e servita che vergogna.	1
433	Povera ragazza. La sua vita non sarà più la stessa.	0
434	Anno la faccia come il Culo	1
435	Dio ha ragione.. donne inferiori	1
436	Zecche Pidiote!!! Se gli faccio vedere le foto al mio cane si gratta !!	1
437	Salvini a te ti amano  tutti anke noi della lega ti amiamo solo razzisti  non ti amano si fottono  da soli  ,,sempre  salvini  matteo  tvb .sei una bella persona  col tuo sorriso  sei .meraviglioso  tvb	1
438	A me personalmente mi fanno pena perche penzando che quelle due persone ci devono difendere a noi Italiani ce da dubitare ,a me mi pare che noi non possiamo dire una parola in nostra difesa che subito siamo attacati da queste insensate mi pare che noi Italiani siamo i loro avversari principali.	1
439	Due stronzette	1
440	Disinfestazione da questi scarafaggi rossi...	1
441	Odiose.	1
442	...è normale parlare continuamente di caccole?...ho spento, mi fate vomitare!	1
443	Si entra con un visore notturno e armi in pugno...	1
444	Riduzione delle tasse, espulsioni clandestini e profughi di guerra, abolizione centri sociale per giovani (andate a cercarvi un lavoro tossicodipendenti), agevolazioni alle famiglie (i soldi ci sono basta torglierli ai nn aventi diritto ossia i negri e i musulmani) pensioni, controlli fra i dipendenti pubblici, PULIZIA FRA I MAGISTRATI, PULIZIA FRA I POLITICI CORROTTI, sicurezza pubblica. Sicuramente nn ho dimenticato di scrivere altro, ma sn cosi tanti i problemi in Italia che è difficile tenere a mente le cose che nn vanno. Poi dp si poteva pensare alle unioni civili (NN HANNO LE PALLE DI CHIAMARLO MATRIMONIO GAY PERCHÉ QUESTO È	1
445	Perché il conduttore le invita? Io con tutta sincerità non la vedo più	0
446	"Solo uno stupro ""eccellente"" può fermare in zeronano secondi questo macello.......fintanto che stuprano donne comuni, rassegnatevi, non sposteranno uno yota che sia uno!"	1
447	Bla bla bla inutili RUSPE!!!!!!!!!	1
448	Buona sera	0
449	quanto sei pietoso tu e quella faccia bianca	1
450	Ehhhh siii!!!Tutte persone perbene!!!!	0
451	Tappa la bocca a quella matta 0_0  Non si vergogna per niente	1
452	Il PD ci rovina fuoriiii	1
453	Metterli direttamente al muro e storia finita! Intanto loro stessi hanno dichiarato di non essere democratici!	1
454	Ci mettiamo anche 2 pagliacci che si chiamano carabue e librandi da quale latrina sono scappati? Viva la Santanchè	1
455	Due odiose convinte cretine incommentabili!	1
456	Ma mi domando cosa ci fanno lì. Il Governo dovrebbe essere la voce del popolo e dovrebbe dico dovrebbe, fare leggi scelte dal popolo e non da loro libero arbitrio. Siamo governati da una massa di deficienti e non è giusto accettare le LORO decisioni. Sono lì ma chi li ha messi lì????? Mah, non ci sdarà mai una giustizia VERA!!!!!	1
457	Quanto li odio	1
458	ma la Malpezzi è stupida di suo??????	1
459	Salvini se rompi il c....  Ai cinesi giuro che ti faccio avere almeno 10voti.	1
460	La Malpezzi è come la Rozza Bleeeeee  schifo	1
461	Matteo Povera Ragazza ...Ho Una Rabbia !!! Castrazione chimica a questi mostri	1
462	Da sopprimere	1
463	Due cornacche che sputano sentenze e pare abbiano fatto tutto loro in realtà non hanno fatto un ca..o. Scusate non è vero che non hanno fatto un ca..o, hanno fatto un sacco di casini e di favori alla banche.	1
464	.... due spine nel c...	1
465	Maledetti porci schifosi parassiti e Nemo ancora tante	1
466	Le  metterei  al posto  di quella  povera  ragazza  violentata ma insieme  a una banda di negri scatenati ma non le  toccano sono troppo brutte	1
467	andrea xche sei finito nel water ti a cagato fuori	1
468	Leader alla putin devi essere.....	0
469	CI VORREBBE UNA TONNELLATA DI BICARBONATO PER DIGERIRLE!!!!!!! SONO PATETICHE E NON SE NE ACCORGONO!!!	1
470	Quelle due sono un disco rotto del komunismo	1
471	Mi è salita la pressione. Vadano lavorare	1
472	Non si possono sentire.  Specie la Malpezzi.	1
473	ROM una schifezza di degrado per il paese Ladri e fannulloni oltre che dei Maiali ,e poi girano con le foto di Padre Pio questi schifosi .Rimettere nuove leggi e fuori dal paese	1
474	Quando vedo sti due esseri cambio canale,mi irritano	1
475	era prevedibile con un movimento messo su da un pluripregiudicato coi soldi rubati da un dirigente di aziende di stato Grillini o son grullini o scaltri dipendenti pubblici sopratutto agenti e militari o amici loro x me nato x conservar StatoAzienda casta dei dipendenti publbici loro privilegi acqusiti contro cambiamento falsi buonisti addestrati a simulare ad addottrinare  Autodeclamrsi democratico sapendo di non esserlo è da crimininali e presto salteran fuori danni che questo maledetto movimento ha fatto	1
476	Matteo mi viene il vomito a vedere quelle 2 racchie.Saluti ciao	1
477	Digli che se li mantenga lei	0
478	La castaldini forse...ma quella matta frustrata della malpezzi proprio no...poi dopo che ha detto che non è d accordo con la castrazione chimica per pedofili e stupratori....	1
479	Seppellitele.	1
480	Date un premio a quello che ha tirato la macchina giocattolo a quello che era nel campo rom abusivo	0
481	Due persone vergognose e inguardabili!!!!	1
482	Ma chi le ha elette queste due e le paghiamo pure	1
483	Onestamente ho cambiato canale mi veniva il vomito	1
484	A quanto pare in Germania la pelle nera va a ruba.......	0
485	SCHIFOSI TOPI DI FOGNA. DOPO I FINTI IMMIGRATI ELIMINARE I COGLIONI DI ITALIANI COME QUESTI.	1
486	Adesso non esageriamo. È un concorso e va visto come tale.	0
487	Non si possono digerire le stronze stanno sempre sullo stomaco .......due fantocce messe lì a dire solo cazzate ormai siamo abituati ...sono un ritornello che si ripete sempre ....le pappagalle del governo gli manca solo il trespolo !!	1
488	Non capisco il conduttore invitare gente che nessuno può vedere     ma perché ci sono per caso degli interessi di qualcuno ????	0
489	Ma che andasse a battere	1
490	Così gli asili saranno pieni di ROM, ma vai a cagare	1
491	"Io credo tu sia il più idiota dei ""renziani"": ovvero i politici buonisti-social, 2.0. Vivi il tuo momento di gloria. Scemerà presto. Tanto non hai nulla di grande. Eccetto una cacofonica voce sguaiata e la pancia, che trascini, stipendio (mega) e super tecnologiche palestre ignorante (è participio presente, non apposizione: non ti infumare)."	1
492	Renzi zingaro!	1
493	Castrazione e lavori forzati se vogliono mangiare!!!perché nn dobbiamo mantenerli a spese nostre nel carcere ... (Semmai questi giudici li manderanno)...	1
494	quanto ci sono queste due cambio canale perchè sono arroganti e non fanno parlare nessuno e questo da fastidio.pertanto  non vedo quinta colonna.ok	0
495	Quando li caricano li devono riportare da dove sono venuti	1
496	Ma nessuna di sinistra... Bisogna castrarli chimicamente in modo che non inquinano il resto del mondo 🌍	1
497	https://m.youtube.com/watch?v=kAi7IZ11ipE	0
498	Questi comunisti come ci hanno ridotti	1
499	Digeribili come 2 cozze andate a male!	1
500	Assolutamente noooooooooooooo antipatiche e rompi balle	1
501	La malpezzi mi sta sullo stomaco...malox	1
502	Mamma mia basta sentirla per capire perché siamo ridotti così ☹	1
503	ECCO DOVE SBAGLI!!!https://www.facebook.com/informareXresistere/videos/10154605425683912/	0
504	Cantante Fedez? Orsù, non esageriamo...	0
505	Fin quando qualche figlia di qualche parlamentare non verrà stuprata	1
506	MI FANNO PIÙ SCHIFO GLI ITALIANI CHE SONO LÌ A DIFENDERE QUELLA GENTAGLIA ....ESSERI CHE NON HANNO PROPRIO BISOGNO DI DIFESA  .....	1
507	Che sgorbi umani !!!!!!	1
508	Castrazione chimica....subito	0
509	A quelle due oche, per non dire un altra parola, prova a chiedere come mai non li mandano a fare il carcere a casa loro? e come mai  non fanno queste cose  in Romania, altrimenti altro che CASTRAZIONEEEEEE! !!!!!!grande Paolo	1
510	Leggi i nostri mex in diretta. .fai capire alla gente cosa bisogna fare	0
511	Noooooo odiose...😈😈	1
512	Le cazzate che dicono non si contano!	0
513	Odiose mi viene da vomitare quando le vedo!!	1
514	Matteo zittisci a questa con la giacca bianca  pensa un po è pure una donna dille da parte mia che andasse a fare la pasta e fagioli che sicuramente sbaglia pure quella . Pensaci tu	1
515	È stato il primo a personalizzare il referendum ! Ha proprio una faccia da culo !!!	1
516	In Italia andate a prelevare 3000 africani a settimana e vi lamentate per gli stupri	1
517	OMINO SENZA PALLE	1
518	Salvini siamo nelle vostre mani.	0
519	Prenderemo un maalox..........ormai non ci resta che questo politica sterile inconcludente ma soprattutto indecente..........Matteo combatti ................	1
520	Naturalmente tutte cazzate	1
521	Che vergogna povera italia	1
522	Fanno schifo	1
523	HAI RAGIONE SALVINI!!! SONO LE PIÙ ANTIPATICHE,, E INGUARDABILI! NON LE FATE PIÙ VEDERE!!!!	1
524	https://www.facebook.com/paolo.pezzaioli/posts/10207460681969868	0
525	Dovremmo tt fare una cosa nn pagare più nulla nn dovrebbero avere neanche un centesimo... Poi che fanno ci tolgono a tt le case...????...... Tanto le tasse che paghiamo nn servono a creare lavoro o migliorie al paese servono a mantenere i loro vitalizi..... Rivoluzione....ci stanno spremendo come limoni......Togliete subito i vitalizi e recuperate soldi....dateli hai pensionati agli isolati introducete il sussidio x i giovani..,,utilizzate in nostri soldi x il lavoro e x farsi che la gente nn si impicchi	1
526	La castaldini nel suo piccolo e quasi accettabile, la Malpezzi e odiosa al massimo.	1
527	Non è una novità, prima hanno fatto propaganta pro-gay con quel finto omosessuale, ed ora fanno propaganda anti-Russia. Questo è il motivo per cui non lo guardavo prima e non lo guarderò mai.	1
528	no per questo non guardo più quinta colonna mi fanno vomitare	1
529	Che figun che sono ste due dame... Ma quante kazzate dicono quando aprono bocca!?!	1
530	Dittatore ridicolo!	1
531	Io userei le forbici	0
532	altro che maloos sbadilate ma quante CAZZATE DICONO	1
533	Da Bordello a prendere del mazzo 25 ore	0
534	AH AH AH AH AH CHE RIDERE .CHI TI CREDE	0
535	La rotta della monnezza	0
536	VOMITEVOLI!	1
537	Io no nesdune delle due.....momti pesanti	0
538	Bravo Matteo condivido pienamente! !!	0
539	Noooooooo!!!! Le odio !!!	1
540	Basta basta e basta!!!!!!!	0
541	Se polizia e carabinieri lasciassero in pace i ragazzi di  casapound, non quelli di padre tobia o dei centri sociali, forse qualcuno ci penserebbe un paio di volte prima di delinquere come gli insegna il pd!	1
542	Vai a zappare!	1
543	se ti vuoi svuotare stomaco e intestino, ascolti queste due per 15 secondi , vomito e dissenteria compulsiva , arrivano immediatamente	1
544	Ma basta! !!! Siamo stanchi di questi continui scarichi di africani analfabeti e delinquenti! Forza dobbiamo organizzare manifestazioni di protesta!	1
545	Bravo !!! Bravo !!!	0
546	Cambio canale	0
547	proprio no!!!!!!!Discorsi e risposte studiate sempre contro gli Italiani dovrebbero andar in AFRICA ed insegnare la loro dottrina laggiù.	1
548	Del debbo ma come si fa a invitare la Castaldi. Ma chi è una semplice  consigliere comunale di Ncd Ma guarda caso attacca solo il centro destra e vuole litalia piena di clandestini ma quanto guadagna con tutte queste trasmissioni televisive	1
549	Ma chi sa da dove arriva la malpezzi??  personaggio squallido antiitaliano bugiarda ma come fa a guardarsi allo specchio è tutta una bugia	1
550	Queste zecche vanno deportate.	1
551	Per carità. Sono insopportabili	1
552	Questi zingari maledetti altro che ruspe. ....	1
553	Da stasera ho capito che noi italiani , nella nostra nazione siamo ospiti .	0
554	Tutte e due sarebbe da prenerle a schiaffi a due a due	1
555	Gente che non ha mai combinato un cazzo nelle vita e che vende il padre e la madre per qualche minuto di notorietà. Che squallore.	1
556	Digli che li spediamo a casa loro.	1
557	Ferreri la situazione È che NON vogliamo PIÙ  né  rom né  Neri musulmani clandestini DELINQUENTI stupratori	1
558	Mi stupisco che si invitano in questa trasmissione personaggi  simil	0
559	FACCIAMO SCOMPARIRE IL PD CON IL VOTO FORZA Matteo Salvini	0
560	Polso duro con tutti...	0
561	Si ma renzi lo dobbiamo fare fuori subito, se sapete come si fa facciamolo, che l Italia si sta distruggendo giorno x giorno grazie a renzi.	1
562	ODIOSE ENTRAMBI,appena aprono bocca iniziano a Sparar Cavolate!😠	1
563	Brutta troia	1
564	te sei la prima da indagare , nn sei nessuno ansi , sei solo una demente donna e capra , e anti costituzionale	1
565	......saputelle  antipatiche.....non digeribili neanche col bicarbonato!!!   Satanno sempre in  TV .....quando lavorano??	1
566	E chi le digerisce?Nemmeno un fachiro!!Odiose in maniera stratosferica!!	1
567	Devono andare via! ! Brava Santanchè	0
568	Le detesto hanno una voce così stridula sono arroganti brave solo loro che palle!!!!!	1
569	... al mare senza problemi con la dieta perfetta	0
570	Come mai da metà Italia in sû tribunali minori e assistenti sociali sono piû attivi???	0
571	Come donna una racchia e una voce odiosissima	1
572	La Castaldini poverina non sa mai che pesci prendere. Dice sempre le stesse cose. Resti a Bologna a fare le tagliatelle e i tirtellini.- Peccato perchè sarebbe anche carina .	1
573	"Sono peggio del ""GUTALAX"" fanno Cagare veramente ! Le consiglio a chi soffre di stitichezza !!!"	1
574	È tipica della SX perché ormai ci trattano da scemi.	1
575	pesanti! Non so chi è peggio tra le due!	0
576	Che schifo mi vergogno di essere italiana	1
577	ASPETTIAMO  MASANIELLO...POI  CON LA FORCA   TRAFIGGEREMO  TUTTI I PIDIOTI	1
578	sono insopportabili per quello che dicono perchè non appartengono alla vita che noi cittadini italiani ci troviamo ad affrontare, anche le loro voci sono fastidiose da ascoltare........	1
579	Non pago tvu e luce a guardare le stupidate...!  Lava ai altri cervelo....!!	0
580	Da rottamare politicamente e come altro	0
581	Ma perché si da voce a sta gente che dice che il male siamo noi italiani	1
582	La malpezzi ,aria da milfona,la vedrei benissimo in una gang bang	1
583	Da vomito! Mangiapane a tradimento! Ovvio che tengano al PD altrimenti cosa andrebbero a fare?	1
584	Hanno nel dna il crimine e la sporcizia intanto a loro danno le case popolari pagate con le nostre tasse e noi italiani a dormire x strada ,se se fortunato e possiedi una macchina ci puoi dormire altrimenti sotto un ponte tanto!!!!!!	1
585	Sono delle arpie ignoranti	1
586	Ma io dico domani mattina si va lì con le ruspe e si butta tutto giù ..oppure teniamo quelle baracche per farne la storia.  .e quegli ubriaconi viaaaa a casa loro	1
587	Entrambe le metterei in una gabbia con i leoni affamati...... Mi urtano solo a vederle ste due ......	1
588	Difendi i diritti di noi italiani.  Gli immigrati hanno rotto ormai sono diventata intollerante e razzista più che mai.  Tutti i diritti a loro.  Non li vogliamo più. ...	1
589	Ma no sono brave persone cosa stai dicendo...sono risorse per il nostro paese...sporcano rubano non fanno un ca...z...dalla mattina alla sera...sono fondamentali altrimenti la criminalità come va avanti...	1
590	Assolutamente no	0
591	nooooooo odiose	1
592	La malpezzi è  meglio che stia zitta  ma si deve vergognare a difendere quela gentaglia non solo castrazione ma pene severe	1
593	Due donne che non hanno idea della realtà in cui vivono i Cittadini autoctoni. Compreso Alibrandi	0
594	Che schifo da vomito !!!	1
595	RUSPIAMOLI TUTTI	1
596	Salvini libera litalia da questi ladri e delinquenza	1
597	SPERO CHE GLI ITALIANO VOTANO NO COSI TOGLIAMO DI MEZZO QUESTO CANCRO DI RENZI CHE CI STA UCCIDENDO TUTTI ABBASSO RENZI E TUTTA LA SINISTRA MARCIA CORROTTA E TERRORISTA FORZA SALVINI E LA DESTRA	1
598	E le femministe dove sono?	0
599	no a prendere x i fondelli gli italiani ma a prendere i nostri soldi che noi italiani gli diamo	1
600	Sentirle blaterare : UNA CAGATA PAZZESCA.	1
601	QUA CI FREGANO LA CASA E NOI A PERDETE TEMPO A PARLARE DI DIRITTI CIVILI http://www.ilgiornale.it/news/cronache/chiama-due-imbianchini-immigrati-picchiano-e-occupano-casa-1259343.html	1
602	Lager lager lager lager lager lager lager	1
603	Ma x favore mandatele a lavarsi i piatti a casa stupide oche	1
604	Ma la civetta e a rottermajer -che non sono d accordo -ma sono veramente delle donne -cmq pure la Santander haagione -	0
605	Ma l imbecille con orecchino spacciato x mediatore rom??? Roba da matti... Nn parliamo della cretina del pd... Parla d integrazione!!! Portali a casa tua cretina	1
606	ma x favore ma si rendono conto delle cazzate che dicono?	1
607	LASCIATEGLI LA PASSERELLA!....i ragionamenti che fanno ,saranno un boomerang per loro!	0
608	Matteo è una vergogna .. Pensaci tu ! Un saluto	0
609	Matteo eccola Risolve tutti i problemi !!	0
610	non le digerisco	0
611	Oggi ho sentito dalla bocca di renzi dire ma non capisco gli italiani non si sono accorti che pagano meno tasse ma si rende conto di quello che dice sto.mentecatto e chi lo vota o voterà perché per ora nessuno lo ha votato per stare li a decidere e spendere i nostri soldi regalandoli a tutti quelli che ci stanno.invadendo tutti uomini italia pensaci ci stanno invadendo e lui li mantiene pure	1
612	Tolleranza zero!  Bastaaaaa	1
613	Ovviamente bisognerà VOTARE NO!! Il possibile rimorso a votare NO al referendum sarà quello di allinearsi con i decerebrati di estrema sinistra :poop: , con i cattocomunisti e con i cazzari no global grillini!!	1
614	Corsi di difesa personale gratuiti per donne ma anche X uomini aumentiamo la possibilità di difesa e di intervento	0
615	Io voto NO,è una riforma votata solo dal PD,NCD e Verdiani leccac....non mi sento ignorante,ma realista e poi ricordiamoci che questa riforma è fatta da un governo non eletto dal popolo,con ministri collusi in loschi e boschi affari....anticostituzionale è poco!!!!	1
616	piu tosto spengo la tv	0
617	che cagata!!	1
618	puttanate	1
619	...le donne non si picchiano neanche con un fiore....ma proprio tutte...?...non si può fare qualche eccezione...?	1
620	pescatori prendete tutti quelli che sono al governo e buttateli in mare,con un peso attaccato nelle gambe	1
621	No odiosa la Malpezzi come tutti i renziani e la Castaldini lasciamo stare	1
622	No.....sono insopportabili......da prendere a schiaffi....	1
623	Infatti quando ci sono queste due sceme si cambia canale, ma non capisco perché le invita Del Nebbio, intanto la loro opinione equivale a zero	1
624	Liberaci da questi clandestini abbiamo le strade piene fuori tutti	1
625	governo traditori...e venduti i suoi elettori..	1
626	Odiose  tutte e due !! Oche starnazzanti! !!!!	1
627	Mi fanno venire da vomitare 💐	1
628	Spero di no ma mi sa di si cruciani Parenzo sono la destra chiassosa fancazzo e la sinistra chic amica dei rom e l itaLia e la spazzatura	1
629	Quando le  vedo mi fanno  rsbbrividire al tal punto che mi si blocca la digestione. Sono veramente insopportabile  mi viene da vomitare odiose	1
630	Quanti bambini ed anziani saranno malmenati prima che mettano le telecamere?	0
631	Appena le vedo cambio canale	0
632	Scusa Matteo, ma se io quel muratore lo prendo dalla collottola e lo faccio uscire da casa mia di prepotenza, magari dalla finestra, che mi possono fare ?	1
633	Partecipano per farsi odiare. Meglio così. Un caro saluto ad entrambe...	0
634	quando fanno quei sorrisini ridicoli le prenderei a schiaffi	1
635	Per stupratori e pedofili nessuna pietà, castrazione e lavori forzati a vita.	1
636	becchi lascia perdere vai da Renzi	0
637	Un plauso ad un uomo coragioso !!!	0
638	Tutti questi stupratori ,sia italiani che stranieri, devono avere delle pene severissime, perché rovinano una donna, in questo caso una ragazzina per sempre!	1
639	A Matteo.....mi hai riaumentato di nuovo le sigarette.....e poi dici che non avresti aumentato le tasse ?  A li mort.......tua	1
640	Dal truffatore cazzaro solo fregature possono arrivare.	1
641	Stima  ....e grande coraggio a questa ragazza violentata	0
642	Sono due zecche rosse!!! che ci volete fare?	1
643	Matteo Salvini, finalmente hai detto una cosa quasi giusta.... Il pericolo della castrazione chimica è che questi depravati che per provare piacere o semplicemente per imporre il proprio volere su una donna o su un bambino, stuprano, il pericolo è che non avendo più la capacità fisica di stuprare sfoghino la propria frustrazione uccidendo la vittima... La soluzione migliore?  Reintrodurre la pena di morte!!	1
644	questa famiglia albanese o italoalbanese che sia, non mi convince, li vedo dalla mattina alla sera in tutte le trasmisioni tv, ma che ci faceva al buio in un posto dove io non ci metterei piede manco armato di bombe a mano.	1
645	Ambedue antipatiche e petulanti.  Le manderei a casa a cucire e fare la maglia.	1
646	1 parola  insopportabili!!!!!!	1
647	hai gli occhi arrossati hai sonno o cosa	0
648	Come il diritto di espressione, la satira non deve avere limiti di sorta perché domani chi sceglierà dove e su cosa mettere un paletto? La libertà di espressione e la satira, la quale è un corollario della prima, funzionano solo se non ci sono limiti se no siamo in balia di vincoli arbitrari: le dittature nascono da questo.	0
649	Parla altra gallina	0
650	Vai Matteo!!!	0
651	Io ne ho uno tutto mio personalizzato. ..ed un altro lo ho regalato. Tanto per essere sempre  di più. Tu hai sempre la battuta pronta...nel libro ti si conosce meglio. Cancellare la legge fornero, a casa il 97% degli immigrati che non scappano da nessuna guerra, più sicurezza e meno tasse. Politiche per accrescere la nostra popolazione. Vai Matteo! Eliana	0
652	Anche il coraggio di andare in tv chissà come ci prendono per il culo fuori dal Italia	1
653	Non mi sembra giusto ostentare vicende familiare con questa disinvoltura.	0
654	no ogni volte devo prendere un digerselz	0
655	Ciao io le chiamo  le vispe Teresa dalle mie parti si dice di persone che non sanno che cosa dire e parlano e parlano e non dicono nulla	0
656	Parlo dei rom naturalmente	0
657	Io gli inietterei proprio gli estrogeni così puó essere che si calmano o sennó vedendosi crescere le tette stupreranno loro stessi	1
658	Mandatele a fanculo! Mi chiedo come hanno fatto entrare in politica ma il motivo lo so già. ...	1
659	No grazie	0
660	Caro Matteo Salvini ti darei 1000 voti quello che dici è tutto vero sono cazzate e distruggi imprese e artigiani gli studi di settore la fornero infame i rom spazzarli via con le ruspe tutti i clandestini che sono solo uomini che sbarcano dai nostri mari farli ritornare dai suoi paesi ti abbraccio forte continua così ti voterò alle prossime elezioni ciao una tua fan	1
661	La famiglia....	0
662	no....neanche con il bicarbonato.........mai!!!!	0
663	Altro che università gratis ai migranti!!!!	0
664	Vergogna	1
665	No non le digerisco ma la Santanchè  gliele cantava	0
666	Ciao io tutti gli zingari li manderei a lavorare nei campi	1
667	Gossipparo del cazzo!👏🏼	1
668	Sì,  ho digerito perché non ho acceso la tv. Non sopporto esponenti del pd	1
669	Siete solo dei parassiti	1
670	Ormai ,in carcere,ci sono i premi???di cosa???che delinquenti sono,e tali rimangono!!!!!Giudici, svegliateviiii😬😬😬	1
671	A me il racconto della donna NON mi convince...	0
672	Le due odiose.	1
673	Bisogna dire una cosa seria che il lavoro non ce    ci sono famiglie povere ce delinquenza droga imigrazioni siamo invasi di sporcizia e questi dicono che sta cambiando ma cosa	1
674	Appena le ho viste ho vomitato	0
675	Non le sopporto  la Castaldini e un oca non sa quello che dice la Malpezzi   interrompe sempre con le solite balle classica PD !!,	1
676	Giovanni Ronchese	0
677	Viva salviniiiii	0
678	No che non si riesce a digerirle! Non si può mettere insieme due oche di questa portata, è indigesta una sola, figuriamoci in coppia!	1
679	Io ti chiedo allora se hai mai pensato di darti fuoco assieme a tutti i tuoi simili del partito democratico.	1
680	infatti in ordine cronologico ti ringrazieranno i nulla facenti islamici, gli sfruttatori del prossimo ed i ladri di mestiere . Spero che tu possa avere un guaio	1
681	Salvini sputagli in faccia...	1
682	rivoluzione e basta	1
683	Speriamo che crolli	0
684	in bocca al lupo salvini anche da parte mia non mollare anzi devi realizzare tutto come il cristo sulla terra	0
685	Che Pezz 💩💩💩💩	0
686	Siamo anche contenti di avere una pensione da fame. ......VERGOGNA! !	1
687	Andrebbero picchiate ogni volta che respirano.	1
688	Castrazione e 20 di galera immediatamente, e guarda come dopo due giorni si suicidano in carcere e facciamo piazza pulita	1
689	Grande mio Capitano!	0
690	Mandate la malpezzi a vivere in un campo rom poi vediamo se la pensa diversamente	1
691	Rivoluzione come in Francia	0
692	Certe donne stanno bene a casa a fare la calzetta  Il mediatore culturale ma da dove è uscito?RUSPA mandiamoli ttti a casa	1
693	Tagliarglielo  subito in piazza.........e quelle due deficienti  che ridono	1
694	http://gazzettadireggio.gelocal.it/reggio/cronaca/2016/05/16/news/caso-lega-nord-chiesto-il-processo-per-19-1.13484779?ref=hfrereea-1	0
695	Loro vanno a lavorare.......MA LIMORTACCIVOSTRA E DE CHI ANCORA VE DIFENDE!	1
696	Mamma Mia..le zoccole del governo. .ma capiranno gli italiani  che queste schifose sono contro gli italiani	1
697	Mi anno schifo vorrei vederle morte	1
698	No, sono pesanti come la peperonata.	0
699	loro senesbattono dei cittadidi italiani non difendono i le nostre origini non difendono lanostra terra e inostri valori spero tanto che un domani chi difendono tanto siliritrovano dentro casa loro con 20 figli lunica cosa che sanno fare è come il suo padroncio bla bla bla	1
700	Ruspa Matteo	1
701	Proprio no odiose	1
702	Le più odiose ma tu sei forte e le sopporti anche x noi	1
703	Due perfette sconosciute (per noi) popolucchio che permettiamo ai nostri politucoli di presentare bambine senza arte e parte al comando di un grande popolo come il nostro!!!	1
704	Tutte e due a pecora e farle montare da un asino	1
705	FISICA!	0
706	dovete capire che Mattarella viene da una mafiosa famiglia e chia il potere in mano fa quello che vuole giusto ho sbagliato loro comandano	1
707	Antipatiche	0
708	Molto emancipati sti trogloditi finto buoni	1
709	Hanno il primato per essere le donne più sputtate in faccia attraverso lo schermo della televisione.	0
710	Alberto Recchia via gola	0
711	Ma non era morta là castaldini?	0
712	Non ho parole,solo vergogna,rabbia e,non più giustizia ma,vendetta...	1
713	detesto entrambe	1
714	Assolutamente no questo governo di pagliacci e di razzisti verso gli italiani deve finire siamo stufi di lavorare per mantenere tutti sti stranieri che vivono alle nostre spalle è ora di dire BASTA	1
715	Ho detto tutto	0
716	Un paio di forbici	0
717	Vorrei sapere da che buco sono uscite queste due .....!!!!!!!	1
718	Mi si è fermata la digestione con Malpezzi e la Castaldini. Da prendere a schiaffi !!!	1
719	La malpezzi è peggio di un lassativo . Vestita così poi sembra un clown da circo. Ridicola e pettegola	1
720	Milano, autista del bus aggredito con un estintore da una passeggera: arrestata... http://milano.repubblica.it/cronaca/2015/08/11/news/milano_autista_del_bus_aggredito_con_un_estintore-120801683/	0
721	Madonna quanto le odio....raus	1
722	Come aprono la  bocca  mi viene da vomitare.	1
723	"Massima solidarietà a questa ragazza, ma a proposito di sicurezza ricordiamo quando il governo Berlusconi, sostenuto dalla Lega, voleva eliminare le intercettazioni telefoniche, fondamentali per arrestare i delinquenti, per ""proteggere"" il premier....."	0
724	Antipatiche forte ...	1
725	Mi fanno pena!	1
726	Bravo ben detto	0
727	Uno che digerisce ste due stronze può digerire anche i sassi	1
728	Noooooooo, facce di, pazienza. Mateo, ma là. Malpezzi, Noooooooo,	0
729	Ci doveva essere anche la Merkel,	0
730	Le zecche del governo rosso.......Possa Dio Rimandarci ilDuce!!!!!!!!!	1
731	quello ha la faccia da culo	1
732	non è successo nulla di strano ,si stanno solo integrando.	0
733	Eppure anche queste sono donne...grande solidarietà	0
734	Matteo Salvini quanto ci marci sopra con il terrorismo sugl`inbecilli, capisco che vi siano tanti stranieri, pero terrorizzare 4 idioti con questi pretesti lo trovo MESCHINO , in fin dei conti basta guardare la tua faccia da falso.	1
735	Ma perché continuano ad invitare queste due dementi???	1
736	matteo quando ci parlerai di piano kalergi?	0
737	Sono due cagate	1
738	Grandissimo il signore con la moglie titolari del bar rapinato che alla fine saluta Matteo Salvini e la Santanchè ignorando  La Malpezzi  e la Castaldini. Fossi in loro non mi presenterei mai più in TV ma queste hanno la faccia come il culo.	1
739	solo a vederle mi viene da vomitare	1
740	Ma finiamola di fare il microfono a cani e porci ! Vorrei vedere se al loro paese ci fanno la stessa opportunità,  qui bisogna agire e basta!!!!!	1
741	Non sei più padrone. Ti sembra giusto che una persona non può uscire tranquilla? Ma stiamo scherzando?	0
742	👍👍👍	0
743	Come possono risolvere i problemi di noi lavoratori, pensionati, disoccupati se in Parlamento si e no che ci vanno, perché devono andare alle trasmissioni televisive per parlare di aria fritta? Io le farei provare a lavorare seriamente come tante brave persone che faticano per portare a  casa uno stipendio sudato.	0
744	Con quelle offese alla Santiche di lnedi da un rom io l avrei denunciato con prove evidenti e mandarlo subito al suo paese questa e il momento giusto di farlo   no capisco questo atteggiamento di questa gente e sicuri di se TROPPO basta parole FATTI FATTI!!!!!	1
745	Non ce la posso fare a sopportare queste due galline!!!!!	1
746	no...insopportabili e saccenti maestrine	1
747	Matteo anche il Sud ti ama!!!!!!	0
748	burocrati...succhiapalle	1
749	Basta vedere la loro faccia e vomito vendute arroganti bugiarde e. . . . bruttefacce	1
750	Grande Matteo...	0
751	Povero Paolo già una sti spacca i maroni due te li amputano ma te li vai proprio a cercare.	1
752	Sono 2 babbione. Difendono sempre i Rom e i delinquenti!  Farei a loro una castrazione al cervello!  Cosi la smettono di Sparare cazzate!	1
753	Che schifo! Siamo arrivati proprio alla frutta! Se questa gentaccia che oltre a stare a casa nostra gratis, si permette di insulare le persone in questo modo e in tv. Stanno in Italia perché sanno che nessuno gli fa niente. Possono andare in giro a rubare,uccidere,violentare, senza che nessuno faccia niente! Ma ci rendiamo conto che ormai noi italiani siamo diventati ospiti in casa nostra?	1
754	La GHIGLIOTTINA ci VUOLE per chi stupra Ma ANCHE per queste pezze di...m...sinistrati  La certezza della PENA? ? Ma se i giudici ormai sono tutti sputtanatamente CONTRO GLI ITALIANI E a favore dei delinquenti	1
755	Ma quale chimica !??? Si castra!	0
756	No non so chi delle due è la più antipatica	1
757	Buttiamoli fuori	1
758	Vin tt la vita	0
759	Chiama due imbianchini immigrati: la picchiano e le occupano casa Una donna malata di Thiene è stata caccitata dalla sua casa da due immigrati cui aveva chiesto di imbiancare le pareti. E la polizia non può cacciarli  Giuseppe De Lorenzo - Lun, 16/05/2016 - 12:35 il giornale	0
760	Andrea Argentieri	0
761	NAP...	0
762	Chiedi a Del Debbio che male gli abbiamo fatto per invitare sempre quelle due ormai a forza di sentirle parlare ho un ulcera	1
763	La soluzione  è  una sola, basta sinistra al governo	0
764	No/  nessuna delle due ..sono proprio indigeste. Poi avete notato che quelle del PD come curano la loro immagine a chi veste e si trucca meglio? fateci caso  come erano prima e come sono oggi......loro difendono solo i loro interessi ai nostri non glie ne frega de meno.	1
765	Credo che la storia insegni a riflettere, senza essere tacciadi...	0
766	Grande Zaia e affanculo la Mogherini!!	1
767	Che schifo e il governo che noi paghiamo non fa nulla sono senza parole	1
768	È malata	0
769	E satira e basta	0
770	Ma ste due ..Malpezzi e Castaldini non si rendono conto che gli italiani non le sopportano per quanto sono inutili e ridicole.. con sti sorrisetti da dementi. Poveri noi.. ma ki le ha votate ste due e Deldebbio per favore vogliamo poter seguire la tua trasmissione senza sti vomitevoli interventi. Evitacele per favore. Grazie	1
771	#rispettagliinfermieri	0
772	Neanche con il fernet branca...	0
773	finchè non si riuscirà a guarire la stupidità e demenza dei sinistrati i loro amici barbari e delinquenti la faranno da padrone....	1
774	Fate stare zitte ste due .non si possono sentire	1
775	La Malpezzi  è contraria alla castrazione chimica perchè vorrebbe la certezza del PENE più che della pena.	0
776	Mancano le cagate sul medioevo	0
777	Noooo io non.le sopporto non le posso più  sentirete! !!😣😣😣😣😣😣	1
778	Matteo Salvini SIII ALLA CASTRAZIONE...	0
779	comunque ruspa sul governo PD.............	1
780	Ma tappate la bocca alla Malpezzi pensaci te Matteo sta dicendo un po di cavolate	1
781	Manca il coglionazzo Librandi Liprandi o come cacchio si chiama quel pover uomo ...	1
782	Non ho capito...la riforma del senato o le unioni civili, o le stepchild adoption in che modo impediscono di far fiorire la vostra proposta di rendere gratuiti gli asili nido?? E soprattutto....in Francia le unioni civili e le stepchild adoptions sono già una realtà da tempo, forse prima della gratuità degli asili nido! Testina !!	0
783	RENZI FAI VERAMENTE SCHIFOOOOO SAI QUEL DITO DOVE TE LO DEVI METTERE!!!!!!?????	1
784	insopportabili ! ma vivono in Italia?	1
785	Mi fanno schifo....fanno vomitare	1
786	Marco Rosini troll pagato da mafia capitale	1
787	Inizziamo a bruciarne qualquno vedrete km kambieran le cose	1
788	ci vuole molta citrosodina !!!!!!	0
789	Due gatte attaccate nei maroni	1
790	Come sei al governo questa lurida maramaglia la devi far sparire	1
791	Quante cazzate in una sola serata.	0
792	Ma vi rendete conto chi ci governa? E le donne dovrebbero essere rapresentate così ?	0
793	Sembrano uscite dal museo delle cere  povera Italia  le metterei ai lavori  forzati  ti prego falla stare zitta	1
794	i nostri governanti sono senza vergogna, chissà se un giorno il popolo italiano si ribellerà !!!	1
795	NOOOOOOOOOOOO  !!!!!!	0
796	Castrazione.per lui e chi li difende	1
797	Grande capitano	0
798	IMPOSSIBILE DIGERIRLE AMBEDUE	1
799	Non ai più scampo dimetiti tanto diete fuori	0
800	io a vista in tv cambio canale   perche non mi facio prendere per c...  cosa hanno fatto per essere cosi importante solo in presenza di Sig Salvini li sopporto non centra partito ma propio le signore	1
801	Ma perche quando eravate voi al govrno non avete fatto questa legge?	0
802	NO NO NO NO NO NO NO COSI VOTO ANCHE X QUELLE TESTE DI C...O CHE PENSANO DI VOTARE si.	1
803	Mavaffffffff	0
804	Finché non vengono stuprate le mogli, le figlie, le mamme, le nipoti e le sorelle di chi sta al governo e dovrebbe fare le leggi	1
805	Si vede che gli manca il maschio vero x ora vanno con i tartarugati	0
806	Animalari ... quando servono non ci sono Mai.	0
807	TROPPO FORTE MATTEO  https://www.facebook.com/permalink.php?story_fbid=1724512977788764&id=1436140396626025	0
808	Lasciali insultare Matteo Salvini....loro quello sanno fare oltre che rubare e stuprare le ragazze...sono un vero schifo !!	1
809	Quando le vedo e le sento giro canale, perché mi fanno incazzare per le stupidaggini che dicono, sembra che vivono in altra realtà.	1
810	VERAMENTE  IN FABBRICA  CI  DOVREBBERO  ANDARE  TUTTI  I  LADRONI CHE TENIAMO  AL  GOVERNO  X FARGLI  PROVARE  COSA  SIGNIFICA  GUADAGNARSI  LO STIPENDIO	1
811	Caccia  bombardieri	0
812	Becchi!...per chi scrivi?...quanti commenti positivi vedo oh!complimenti	0
813	I sinistronzi hanno rotto le palle di vedere e fare cose superficiali...fuori dalle palle la fabbrica della delinquenza e della povertà, vogliamo diritti e sicurezza !!!!	1
814	A me mi fa ridere 4 occhi	0
815	Ciao Matteo, io lavoro in un supermercato faccio il servizio di sorveglianza, oltre andare quello che fanno, rubano senza alcun ritegno e tutte le volte che lo fermo mi ridono in faccia perché dicono che tanto possono fare quello che vogliono e che nessuno gli fa niente e prendono in giro noi italiani	1
816	"Mandiamole A casa queste due sciagurate ! Anzi, da esiliare tutto il"" centro dei sinistrati"" magari in mongolia/Cina dove li ancora vige la condanna a morte come traditori della patria"	1
817	Fin quando non toccherà alla figlia di ...... allora qualcosa si farà ciao Matteo	0
818	Con un kg di bicarbonato faccio ancora fatica!!!	0
819	Comuniste	0
820	Mantenuta autorizzata	1
821	Apre per il no . Renzi a fanculo se ne vada in africa	1
822	Poco ..infatti mi si è  rom posta la cena!	1
823	https://m.facebook.com/Meno-Fazio-Più-Angela-796212680480461/	0
824	La Castaldini........incapace!	1
825	RUSPA Matteo!	1
826	Hai perso la parola stasera? Delusione...	0
827	Peggio di un lassativo	0
828	Ma questi bastardi cosa devono ancora combinare,ci stanno rovinando giorno per giorno e ora che qualcuno si muova pesantemente ,perché questi non sanno cosa fanno,maledetti.	1
829	ma fare lo stesso trattamento a loro no?	0
830	Concordo ma Anche solo far rispettare la legge e la certezza della pena sarebbe un ottimo inizio!!	0
831	HO GIA VOMITATO  DIVERSE VOLTE ..LA NAUSEAAAAAAAAAAAAAAALA MALPEZZI POI E DA DARGLI UN PO DI FLIT DDT	1
832	Gran pirla che sei e chi paga tutte le spese? SORETAAAAAA?	0
833	V Colonna..terribile quello che sta dicendo la ragazza!!!	0
834	hahaahahah ancora che commentate ma se non facciamo la rivoluzione gli diamo l italia in mano straniera e addio la nostra bandiera , renzi ci ha venduti e noi ancora facciamo i coglioni anziché batterci da leoni i nostri nonni si stanno rivoltando nelle tombe e noi stiamo fermi	1
835	Castrazione chimica e molte ruspe!!!!	1
836	Sono state delle bestie ma non tutti sono cosi....cmq si castrazione chimica	0
837	Schifo. Perché restano impuniti???	1
838	Mi viene schifo a guardarle e sentirle quelle due ....non se ne può più. ...perbeniste. ....	1
839	La malpezzi sta esprimendo tutta la sua deficienza, ma ha capito la malpezzi che la ruspa va usata per questo Governo di fantocci e poi ai campi degli zingari, ruspa prima al governo e poi ai campi!	1
840	Impiccatele nello studio	1
841	cominciamo intanto a mandare a casa questi bastardi , altro che Cittadini Europei - FUORI DALLE PALLE	1
842	Bedda matri!!😁😁	0
843	💣💣	0
844	Matteo che schifo....	0
845	Andassero a cagare!	1
846	Noooooooooooo!!!!!!!!!!!!! Ecco questo lo dedico a loro.	0
847	MA QUANTA FATICA PER FREGARE ITALIANI E AGEVOLARE I CLANDESTINI.	1
848	Che gran pezzo di merdaccia	1
849	No sono due cretine estate , mandali a quel paese da parte mia ,	1
850	brava complimenti vallo a raccontare a chi non ha da mangiare...vergogna	1
851	Matteo. ...intervieni	0
852	Matteo ci devi promettere che queste due infami presto pagheranno caro quello che stanno facendo al nostro paese e i sodi che ci rubano, loro e tutto il PD e Alfano	1
853	Ma stai zitto.sei sempre stato quello che,non vedi,non senti,non parlò,adesso che è successo?? Ti hanno imposto di dire ste cazzate?? Vergogna ,siete i veri traditori della Patria,e degli Italiani	1
854	Rom di merdaaaaa	1
855	http://newsitaliane.it/2015/francia-madre-e-quattro-di-cinque-figli-uccisi-a-lione-arrestato-il-padre-reo-confesso-31263	0
856	Ma sta deficente che cazz dice ma falla tacere  x non se li porta a casa sua	1
857	Se digeriscono un traditore come te, digeriranno anche ste due....	1
858	quando mai i rom anno lavorato sanno solo rubare e le due ah raccontare solo balle difendano solo rom e mussulmani cornacchie	1
859	quella sconosciutaa del ndc, mi sta sulle palle, nessuno uguale a niente,,,e al governo grazie alla destra, il suo partito si chiama nuovo centro destra, ma lei vira tutto a sx, a questo punto,, si ama piu la poltrona o il colore politico	1
860	RUSPAAAAAAAAAAAAAAAAAAA E PER IL DOPO RUSPA ...LI RISPEDIAMO TUTTI A ROMPERE LE PALLE A CASA LORO QUESTI PORCI E LADRI!	1
861	Insopportabili le vedo in questo momento immorali davanti a quella povera ragazza violentata. Vergogna!!	1
862	È tenuto in vita artificialmente!	0
863	Quando vuoi ripulire di do una mimetica e vieni insieme a me in prima linea ci sarà una sola differenza però tu prendi 15000 io 1300 così nn fate i froci con culo degli altri	1
864	Becchi limitato.	0
865	Che si inpicchino subito	1
866	Dittatura..	0
867	Eccola la Castaldini, cosa ne dite?	0
868	Subito	0
869	no odioseeeeeeeeeeeeeeee	1
870	No non le sopporto, vorrei sapere come fanno ad essere lì, ma un po di colpa la do anche a Del Debbio che gli piace rovinarci la serata invitandole.	1
871	Matteoooo mandiamoli via tuttiiii siamo con te	0
872	A. Zoccolaaaaa	1
873	Veramente due dementi nel vero senso della parola...	1
874	"Gli conveniva fare il ""simpatico"", avete visto che mano ha? È come na coscia delle mie. Je da na sberla in senso antiorario e Salvini si sveglia nella Repubblica Serenissima con Otello che lo usa come zerbino."	0
875	Toccherà a noi del popolo a mandarlo a casa questo maiale infame...visto che i politici non sono in grado di farlo. Se ne riparla a Ottobre	1
876	E gli zingari? ?adesso? ?comandano loro se andare o no nel campo rom, ,hanno preso troppo piede, perché e il governo più gli permette di fare cme C***O vogliono loro è gli hanno permesso di vivere cme più gli pare e pace. ...cioè nella ILLEGALITÀ più Assoluta. .....	1
877	ridicole tutte e due	0
878	"La ""CURA"" è Casapound"	1
879	Castrazione anche per chi al governo non fa leggi che tutelano donne e bambini	1
880	Con Zingari e immigrati si fanno più soldi che con la droga.	0
881	Bisogna tagliare una palla a chi stupra  e se lo fa ancora poi tagliare anche l altra vedrai così  come passa la voglia di stuprare questa è legge!!!	1
882	Paolo io quando ci sono queste persone cambiò canale mi fanno venire il vomito se vuoi che noi guardiamo la tv non invitare quelle persone irritanti grazie	1
883	sono insopportabili vivono sulla nuvoletta rosa pensano che gli italiani siano tutti deficenti	1
884	Mi fanno venire il vomito	1
885	Sono imbarrazzanti per quanto sono stupide oltre che insopportabili antipatiche.	1
886	Sono due donne che non sopporto,antipatiche,e odiose .	1
887	Quelle due sia la Malpezzi che castaldini loro le dovevano violentarle invece quella povera ragazza.Grande  Matteo Salvini se sei tu a Governare manda via quei schifosi Rom e fai una legge di Castrazione perchè le donne non si toccano e i Bambini  o visto la trasmissione di ieri mi veniva da riggettare vederle quelle due del PD schifose anche loro  e quello educatore mandali via dall italia	1
888	MA LO SA NCD CHE A NOVEMBRE SI VOTA E CHE SARANNO GARANTITI SOLO IL POSTO AD ALFANO???	0
889	acido muriatico..	0
890	Matteo,ora i PDioti sono impegnati con i gay! Ora che pensano a pene x stupratori seriali o improvvisati si farà troppo tardi,ancora troppe vittime! Donne,Armiamoci di forbici e...ZAAAAAGGGG!	1
891	Basta eliminare la magistratura rossa che è complice di questi criminali!	1
892	Povera Italia sottomessa da una politica aberrante e da 2...vanno affondate e creare una repubblica chiusa	1
893	non in contemporanea abbiate pietà! !!	0
894	No non si possono sentire. Bugiarde ma pensano che chi è a casa sia idiota	1
895	Schifo totale......	1
896	Bugiardo infame ritorna a fare danni a firenze ricordati che il popolo non ti ha eletto sei un abusivo vattene ma con la coda tra le gambe	1
897	Ma neanche a mangiarle. Che schifo di personaggi ancorate solo alle poltrone. A poltronariiiiii!!!!!!!!!	1
898	Mettono le petulanti antipatiche per levarsele di torno	0
899	Siamo con te Capitano!!!!!!!	0
900	per Salvini le procure hanno fatto un record per mandargli un avviso di garanzia, qui' dove ci sono stati 43 morti. un cazz. dormono tutti. coprono tutto e tutti. w L'ITALIA. la colpa del crollo di chi puo essere? dei 43 morti che hanno pagato il biglietto per passare da li'. a sx che tu sia maledetta	1
901	solo una settimana. lo farei stare anche solo una settimana in un centro libico. governativo. vediamo come esce	1
902	Quindi ha appena ammesso che in Libia il governo non conta un cazzo? Ma lui dorme sereno	1
903	Beato chi ci crede e mette a dormire la propria coscienza. Profittatore di deboli menti	1
904	Sono sicuro che dormi sereno.Uno xenofobo e razzista come te va a nozze con video terribili come quelli sono stati pubblicati. Vergognati	1
905	Una cloaca, ogni volta che apre la bocca, pardon, la chiusa, mi viene la nausea	1
906	Bravo Riondino! Lo apprezzavo come attore adesso anche come uomo	0
907	Io le farei a lui le torture poi vedi come cambia idea questo qua!	1
908	È ora che te ne vai affanculo tu e tutta la razza tua... mo so fascista pure io ma solo verso di voi	1
909	Il compito della repubblica è quello del contraddire qualsiasi cosa di Salvini.	0
910	Continua a ripetere che dorme sereno... è evidente il contrario.	0
911	Chi non ha coscienza dorme sempre sereno, in ogni situazione.	0
912	Io dormirò serena quando manderanno Salvini alle torture infami in Libia	1
913	TI RINGRAZIAMO SALVINI	0
914	Se ci dovesse essere l'inferno tu sarai bruciato vivo	1
915	Matteo continua così	0
916	Manda quel venduto del senatoreafricanoleghista in INCOGNITO... POI VEDIAMO SE È COME DICI TU OPPURE NO.... I LIBICI SONO FARABUTTI	1
917	Bravo salvini la pensi come me	0
918	Cattolici unitevi in preghiera e chiedete la grazia !!!!!	1
919	Mente sapendo di mentire. Buffone, buffone, buffone	1
920	Dorme si vede tanto i 50milioni sono al sicuro LEGA LADRONA ROMA NON PERDONA IN PIÙ VAFFANCULO	1
921	andiamoci cauti il premier è in grado ci vuole tempo	0
922	Orrido sottospecie di essere umano 💩💩💩💩	1
923	Non ci voleva Nostradamus a capire che si sarebbero alleati con la Lega. I programmi sono simili	0
924	I 5stelle hanno dato il Paese in mano a Salvini (17% dei consensi alle urne)	0
925	Caro Riondino, "certe cose" bisogna avere la sensibilità, la cultura e l'intelligenza di leggerle prima. Apprezzo la capacità di critica: la metta a frutto.	0
926	Ecco una persona che sa mettersi seriamente in discussione. Bravo e intelligente	0
927	Che tenerone che sei. Non lo sapevi che ti stavano rifilando una fregatura? Assomigli a quegli ingenui che all'autogrill compravano i rolex al prezzo di un caffè e se ne andavano via felici e soddisfatti convinti di aver fatto l'affare del secolo. Ma per favore, fatti una canna la prossima volta prima di votare, sicuramente sarai più lucido.	1
928	Io ho votato 5Stelle.....I miei conoscenti hanno votato 5Stelle. . Nessuno pensa minimamente che abbiano deluso le aspettative. ...anzi orgogliosi di loro.	0
929	Manipolazioni di un cretino	1
930	Quanta stupidità e ignoranza in un politico	1
931	Matteo Salvini perché non ci vai di persona a vedere?	0
932	A Riondino ... che minkia stai dicendo, speravi forse in un'Alleanza con l'ebetino di Firenze..	1
933	Interessante. Articolo molto interessante. Perfetto per il vostro target di lettori.	0
934	Fesso, ti sei fatto prendere per il culo. La prossima volta usa il cervello. Adesso sentiti in colpa perché per colpa tua l'hanno preso nel didietro anche chi non li ha votati.	1
935	I 5 stelle si sono dimostrati quello che ci si poteva aspettare, un governo di.poltronari...al governo da svariati mesi nascosti dietro la figura di Salvini conosciuto per le sue felpe folcloristiche alle sagre dalla polenta...	1
936	Ogni giorno uno sconosciuto si alza e sa che per avere il suo mezzo pomeriggio di notorietà dovrà fare il nome di Salvini	0
937	Allora ho ragione io; praticamente sei diventato democristiano.😜😜😜	0
938	Ci voleva dieci secondi di riflessione per capire che schifezza erano i 5 stalle. Ma evidentemente Riondino non ha avuto dieci secondi di tempo per riflettere	1
939	Rivota la merda del pd e facci la cortesia di tenertelo per te	1
940	Non è mai troppo tardi ,quando si sbaglia è giusto ammetterlo	0
941	Siamo in tanti, non sei solo tu... 5 stelle perderà molto dal suo elettorato	0
942	Non ho idea di chi tu sia ma letto il tuo proclama mi viene spontaneo darti del pirla !!	1
943	Tu sei la casta sei la vergogna ti permetti di giudicare il ministro vai a lavorare	1
944	Rispetto le idee degli altri ,anche quando sono espresse con saccente arroganza. Ribadisco quello che ho scritto, felice giornata!	0
945	Ladrone vergognati x tutti i soldi che prendi senza meritarli CAPRA LARDOSA	1
946	Giordano il tipico giornalista inutile, con risultati perennemente scadenti, è una specie di ciaccolone acido come le zitelle vergini.	1
947	Ma questo cazzone non aveva detto che si sarebbe dato fuoco ? Cosa aspetta ?	1
948	E bastaaaa. Con tutti i problemi che ha l'Italia...Non esistono solo i migranti. Fatela finita!!! Ci campate con questi!	1
949	Ma non avevi dichiarato che te davi foco in pubblica piazza, ancora aspettiamo	1
950	Non ho quasi mai concordato con Cazzola per quanto riguarda le ricette economiche, ma la sua posizione chiarisce la differenza tra destra e fascismo. La destra economica non è fascismo come la sinistra non è comunismo	0
951	Ma cosa state ancora ad ascoltare un salumaio Emiliano che non essendo capace di fare i salami rompe con questo buonismo da vomito 🤮	1
952	eccolo qui il Pdiota per eccellenza: vecchio pensionato stordito con 2 neuroni nel cervello	1
953	A parte che non ti sto a spiegare la differenza tra incontri di stato e incontri privati ma come funziona se fa una cosa sbagliata gentioni/ renzi e poi la fa salvini il secondo gode di un ' immunita data dal primo?	0
954	ecco un altro beota con la foto di ''antifascista''... ma cosa vorresti spiegare piccolo ritardato mentale? inizia a togliere quella foto da beota e poi ti spieghiamo noi alcune cosette	1
955	Gli elettori del m5s si riconoscono dai 47 cromosomi e dal fatto che quando gli altri parlano di fatti tirano fuori solo offese dato il quoziente intellettivo pari a quello di una medusa spiaggiata	1
956	A Shanghai città di 25.000.000 di abitanti puoi girare sereno e pacifico che nessuno ti fa niente, taxi, cibo, acqua praticamente gratis, ecc, ecc.	0
957	Con la Bona Sola nessuno fiatava...adesso che il bomba è stato fatto fuori improvvisamente tutti vedono problemi ovunque. Ma prima dov’eravate fenomeni?	1
958	Da un ministro dell' istruzione ( ministra o minestra ) analfabeta cosa volevate aspettarvi???	0
959	Qualcuno può gentilmente spiegarmi, nel noto contratto di governo, che riforme strutturali ci sono per la scuola? Grazie.😊	0
960	La politica dell'austerità voluta dall'UE, con la collaborazione dei nostri governi precedenti l'attuale, ha portato la scuola, e non solo, a questo risultato.	0
961	Avanti con il cambiamento.....	0
962	Uno che fà la “morale” con la polo della fred perry, pataccone al polso e bello abbronzato....ma per favore.....	1
963	Salvini ha votato, ma ha anche ammesso di aver commesso un errore. Quanti politici fanno pubblica ammenda dei loro errori?	0
964	Salvini ha sempre fatto parte del sistema. Una volta era il cucciolo di cane che scodinzolava davanti al suo padrone , il farabutto Umberto Bossi	1
965	Intanto si è accordato con i torturatori libici, dimostrando grande disumanità ..... meglio sarebbe tacere comunque .....	1
966	Secondo me uno dei (pochi) ministri del passato governo (forse l'unico) che ha operato nell'interesse degli italiani e in qualche modo ha affrontato e trovato una soluzione (moralmente più o meno condivisibile) al problema dell'immigrazione incontrollata	0
967	senza vergogna il loro partito ha iniziato a privatizzare tutto il possibile degli asset degli italiani!!! e con benetton gli avete fatto ponti d'oro e adesso le colpe sarebbero di salvini che all'epoca non contava nulla visto che capo della lega era bossi!!! e voi che eravate soci dei forzisti con il patto del nazzareno adesso fate gli gnorri!! siete penosi e soprattutto vigliacchi dentro!!	1
968	Salvini gli ha detto di non fare manutenzione? Perché il problema non è la concessione ma la speculazione spinta all'estremo	1
969	Come ho sempre detto al Governo ci sono tanti ignoranti che non sanno neanche leggere. Sono solo bravi a dare colpe ad altri	1
970	Daccordo ma Salvini non era un Ministro, era un semplice parlamentare	0
971	Votò la concessione? e cosa c'entra. La responsabilità è vostra, tutta vostra che non avete controllato una mazza. Irresponsabili.	1
972	Votare non significa essere complici....E poi quei tempi non erano di Salvini ma di Bossi.	0
973	Non vogliono sentirsi tirati in ballo....Hanno finito di rovinare l'Italia e continuano a parlare	1
974	Il problema non è la concessione ma i mancati controlli.	0
975	I balordi di sinistra fanno a scaricabarile	1
976	Minniti devi solo stare zitto. Sei la vergogna della Calabria	1
977	Fare il saluto romano sarebbe apologia del fascismo quindi un reato	0
978	L'invasione è l'invasione degli ultracorpi privi di anima di pietà e di rispetto umano che ci circondano. Ci sta benissimo altroché.	1
979	L'invasore è casapound, da schiacciare nel letame.	1
980	Ha ragione invece,il democratico medio è così pollo da cascarci	1
981	La cosa ridicola, detta da Orban stesso, e che per incontrare Salvini ha chiesto il Consenso, di Berlusconi, questa la dice lunga su Salvini la Marionetta.	1
982	I truffatori del PD hanno governato talmente male che oggi ci troviamo il mantenuto nullafacente padano a spadroneggiare. Anche di questo dobbiamo ringraziare Renzusconi e compagnia brutta.	1
983	Ci alleiamo con Andorra, e la Bulgaria.	0
984	Due sciacalli che stanno scoperchiando le fogne faciste.	1
985	... e intanto Tria va a Pechino a chiedere l'elemosina, va a chiedere che ritornino a comprare i ns. titoli di Stato!!! ... sospera dal momento che il ducetto ha impedito lo sbarco della Diciotti!!!.... bah!!!🤔	1
986	Innanzitutto, non c'è scritto che fanno storie, leggi bene. E ammesso e non concesso, hanno tutto il diritto di fare storie: è al legge che lo consente. Le persone non sono oggetti, anche se scappano dalla guerra.	0
987	Avete visto quante se ne inventano pur di imporci tutti i migranti sul suolo italiano? Si appellano a qualsiasi cavillo e pretesto.. sono allucinanti. L'Italia non è l'eldorado! Smettetela di illudere quei migranti economici!	1
988	No. Voglio andare a Montecarlo a vedere il granpremio	0
989	Basta sbattersene le palle di quello che dice la commissione UE, visto che quando serviva il loro aiuto per la ricollocazione, hanno fatto finta di non sentire	1
990	Pamela è stata uccisa, fatta a pezzi da un maledetto sbarcato qui in Italia....bastaaaaaaaaaaaaaaaa	1
991	In Senegal, all'aeroporto di Dakar con tutti i documenti in regola,la prima cosa che hanno fatto ,e stato prendere le impronte digitali,tralascio il trattamento......	0
992	Salvini ti vedo sulla 7 , con le notizie che dai hai lasciato tutti BASITA. Fenomenale vedere le facce dei giornalisti e del missionario, li hai stesi!!!!!!!!	0
993	Mai visto nella storia italiana un ministro voluto così bene dal popolo!	0
994	Poveri ipocriti istigatori di odio .... Altro che Salvini .... Siete il cancro dell'Italia .	1
995	Questa foto è stata scattata Quando L'ITALIA vinse l'ultimo mondiale Io c'ero e tanti altri ITALIANI.......	0
996	Ma ancora non hanno capito che il problema non è il colore della pelle ?	0
997	Resistenza a chi o cosa? E soprattutto quali idee, quali soluzioni concrete per il nostro paese?	0
998	Quattro scappati di casa .....zecche rosse dei centri sociali	1
999	É arroganza quella di pensare che solo la propria idea sia quella giusta!	0
1000	Sempre quell'idiota di Salvini ! tra poco ce lo troveremo anche a venderci il folletto in casa !!	1
